playerID,opponentID,gameID,numRounds,numSelfKnocks,numOppKnocks,numSelfUndercuts,numOppUndercuts,numSelfGins,numSelfCardsLaidOff,numOppCardsLaidOff
0,1,0,5,4,1,0,3,0,0,2
0,1,1,6,6,1,0,1,0,0,4
0,1,2,10,11,0,0,3,1,0,3
0,1,3,8,9,0,0,4,1,0,3
0,1,4,8,9,0,0,4,0,0,3
0,1,5,7,7,1,0,1,0,0,4
0,1,6,5,5,1,0,3,0,0,2
0,1,7,3,3,1,0,2,0,0,0
0,1,8,9,10,0,0,4,0,0,5
0,1,9,8,9,0,0,3,1,0,5
0,1,10,5,5,1,0,3,0,0,0
0,1,11,7,6,2,0,1,0,0,3
0,1,12,7,8,0,0,2,0,0,5
0,1,13,8,9,0,0,3,0,0,7
0,1,14,5,6,0,0,2,0,0,2
0,1,15,12,12,1,0,2,0,0,4
0,1,16,10,10,1,0,2,0,0,5
0,1,17,6,7,0,0,4,0,0,2
0,1,18,6,6,1,0,3,0,0,0
0,1,19,5,6,0,0,4,0,0,4
0,1,20,5,6,0,0,4,0,0,0
0,1,21,7,8,0,0,2,0,0,2
0,1,22,10,11,0,0,1,0,0,8
0,1,23,8,9,0,0,4,0,0,4
0,1,24,9,10,0,0,4,0,0,4
0,1,25,9,10,0,0,4,0,0,4
0,1,26,8,9,0,0,3,0,0,7
0,1,27,9,10,0,0,2,0,0,4
0,1,28,5,5,1,0,1,1,0,0
0,1,29,6,7,0,0,4,0,0,3
0,1,30,8,9,0,0,4,0,0,7
0,1,31,6,6,1,0,2,0,0,3
0,1,32,6,7,0,0,4,0,0,3
0,1,33,7,7,1,0,1,1,0,2
0,1,34,8,8,1,0,3,1,0,3
0,1,35,8,7,2,0,2,0,0,3
0,1,36,6,7,0,0,4,0,0,4
0,1,37,10,10,1,0,3,0,0,8
0,1,38,5,5,1,0,2,0,0,4
0,1,39,7,8,0,0,4,0,0,3
0,1,40,6,7,0,0,4,0,0,8
0,1,41,9,10,0,0,1,1,0,4
0,1,42,5,6,0,0,1,0,0,1
0,1,43,7,7,1,0,3,0,0,2
0,1,44,7,8,0,0,4,0,0,1
0,1,45,7,8,0,0,4,0,0,3
0,1,46,6,7,0,0,4,0,0,3
0,1,47,7,8,0,0,4,0,0,7
0,1,48,9,9,1,0,3,0,0,5
0,1,49,9,9,1,0,2,0,0,3
0,2,50,4,5,0,0,0,0,0,1
0,2,51,3,2,2,0,0,0,0,2
0,2,52,6,7,0,0,1,0,0,1
0,2,53,5,5,1,0,2,1,0,1
0,2,54,6,5,2,0,1,1,0,1
0,2,55,3,3,1,0,2,0,0,2
0,2,56,5,5,1,0,3,0,0,5
0,2,57,6,6,1,0,1,0,0,3
0,2,58,6,7,0,0,0,0,0,0
0,2,59,5,3,3,0,0,1,0,0
0,2,60,3,1,3,0,0,0,0,0
0,2,61,9,9,1,0,2,0,0,6
0,2,62,5,3,3,0,0,0,0,0
0,2,63,7,6,2,0,0,0,0,2
0,2,64,8,8,1,0,1,0,0,2
0,2,65,7,7,1,0,1,0,0,4
0,2,66,4,5,0,0,1,0,0,1
0,2,67,3,2,2,0,0,0,0,0
0,2,68,4,5,0,0,0,0,0,1
0,2,69,5,4,2,0,2,0,0,1
0,2,70,6,6,1,0,0,0,0,2
0,2,71,3,1,3,0,0,0,0,0
0,2,72,5,4,2,0,1,0,0,0
0,2,73,4,3,2,0,1,0,0,2
0,2,74,5,6,0,0,1,0,0,1
0,2,75,6,6,1,0,0,0,0,1
0,2,76,6,7,0,0,1,0,0,1
0,2,77,3,2,2,0,0,0,0,0
0,2,78,4,5,0,0,2,0,0,3
0,2,79,3,4,0,0,0,0,0,2
0,2,80,5,3,3,0,0,0,0,1
0,2,81,3,2,2,0,1,0,0,1
0,2,82,2,3,0,0,0,0,0,0
0,2,83,6,5,2,0,0,0,0,2
0,2,84,6,6,1,0,3,0,0,3
0,2,85,4,3,2,0,0,0,0,0
0,2,86,5,5,1,0,0,0,0,1
0,2,87,5,4,2,0,0,0,0,1
0,2,88,5,6,0,0,1,1,0,1
0,2,89,6,7,0,0,1,0,0,6
0,2,90,4,4,1,0,2,0,0,3
0,2,91,5,6,0,0,0,0,0,4
0,2,92,4,4,1,0,1,0,0,1
0,2,93,2,1,2,0,0,0,0,0
0,2,94,7,6,2,0,0,0,0,1
0,2,95,7,6,2,0,1,0,0,2
0,2,96,6,7,0,0,1,0,0,3
0,2,97,6,7,0,0,0,0,0,2
0,2,98,6,5,2,0,0,0,0,1
0,2,99,3,4,0,0,0,1,0,0
0,3,100,6,5,2,0,1,0,0,5
0,3,101,7,7,1,0,1,0,0,2
0,3,102,4,4,1,0,2,0,0,0
0,3,103,5,4,2,0,1,0,0,2
0,3,104,4,4,1,0,2,0,0,2
0,3,105,7,7,1,0,0,0,0,2
0,3,106,5,5,1,0,0,0,0,1
0,3,107,4,5,0,0,0,0,0,0
0,3,108,4,5,0,0,0,1,0,1
0,3,109,5,5,1,0,2,1,0,4
0,3,110,5,5,1,0,0,0,0,0
0,3,111,7,8,0,0,2,0,0,2
0,3,112,3,4,0,0,0,1,0,1
0,3,113,1,0,2,0,0,0,0,0
0,3,114,3,3,1,0,0,0,0,0
0,3,115,3,2,2,0,0,0,0,1
0,3,116,5,6,0,0,1,0,0,3
0,3,117,7,6,2,0,0,1,0,0
0,3,118,5,5,1,0,1,0,0,0
0,3,119,5,5,1,0,0,0,0,1
0,3,120,4,3,2,0,1,0,0,0
0,3,121,4,5,0,0,0,1,0,1
0,3,122,5,6,0,0,1,0,0,5
0,3,123,6,5,2,0,1,0,0,1
0,3,124,3,2,2,0,0,0,0,0
0,3,125,6,6,1,0,0,0,0,2
0,3,126,3,2,2,0,1,0,0,1
0,3,127,9,9,1,0,2,0,0,1
0,3,128,4,5,0,0,1,0,0,1
0,3,129,6,6,1,0,1,0,0,2
0,3,130,7,7,1,0,1,0,0,1
0,3,131,4,5,0,0,1,0,0,2
0,3,132,5,4,2,0,0,0,0,1
0,3,133,6,6,1,0,0,0,0,2
0,3,134,3,4,0,0,0,0,0,0
0,3,135,4,5,0,0,0,0,0,3
0,3,136,5,5,1,0,1,0,0,2
0,3,137,4,3,2,0,0,0,0,1
0,3,138,8,7,2,0,1,0,0,3
0,3,139,5,5,1,0,0,0,0,3
0,3,140,4,4,1,0,0,0,0,0
0,3,141,6,6,1,0,2,0,0,1
0,3,142,7,7,1,0,3,0,0,5
0,3,143,4,5,0,0,0,0,0,2
0,3,144,4,5,0,0,1,0,0,1
0,3,145,1,2,0,0,0,0,0,1
0,3,146,3,1,3,0,0,0,0,0
0,3,147,5,6,0,0,1,0,0,0
0,3,148,6,6,1,0,1,0,0,0
0,3,149,6,7,0,0,1,0,0,2
0,4,150,9,10,0,0,4,0,0,1
0,4,151,10,11,0,0,4,0,0,7
0,4,152,8,9,0,0,2,1,0,1
0,4,153,8,8,1,0,2,0,0,5
0,4,154,7,8,0,0,2,0,0,4
0,4,155,5,5,1,0,3,0,0,2
0,4,156,4,4,1,0,3,0,0,2
0,4,157,10,10,1,0,3,0,0,2
0,4,158,7,8,0,0,3,1,0,1
0,4,159,8,9,0,0,1,0,0,4
0,4,160,8,9,0,0,2,0,0,5
0,4,161,8,9,0,0,2,1,0,1
0,4,162,10,11,0,0,4,0,0,3
0,4,163,3,4,0,0,4,0,0,4
0,4,164,8,8,1,0,2,0,0,3
0,4,165,9,7,3,0,2,0,0,4
0,4,166,4,4,1,0,2,0,0,3
0,4,167,9,10,0,0,4,0,0,3
0,4,168,13,13,1,0,3,1,0,7
0,4,169,6,7,0,0,4,1,0,4
0,4,170,6,5,2,0,2,0,0,2
0,4,171,6,6,1,0,3,0,0,0
0,4,172,8,8,1,0,3,0,0,6
0,4,173,7,8,0,0,4,0,0,3
0,4,174,7,8,0,0,4,0,0,6
0,4,175,12,12,1,0,3,0,0,5
0,4,176,11,10,2,0,1,0,0,1
0,4,177,6,6,1,0,3,0,0,5
0,4,178,3,4,0,0,0,0,0,1
0,4,179,10,10,1,0,2,1,0,5
0,4,180,2,3,0,0,0,1,0,0
0,4,181,6,5,2,0,2,0,0,2
0,4,182,8,9,0,0,4,0,0,5
0,4,183,7,8,0,0,4,0,0,2
0,4,184,6,7,0,0,4,0,0,4
0,4,185,4,3,2,0,0,0,0,0
0,4,186,14,14,1,0,3,0,0,11
0,4,187,6,5,2,0,1,0,0,5
0,4,188,9,10,0,0,3,0,0,7
0,4,189,6,5,2,0,0,0,0,2
0,4,190,3,4,0,0,1,1,0,0
0,4,191,8,8,1,0,2,0,0,6
0,4,192,6,6,1,0,2,0,0,4
0,4,193,8,9,0,0,4,0,0,3
0,4,194,3,3,1,0,2,0,0,1
0,4,195,11,11,1,0,3,1,0,6
0,4,196,6,7,0,0,0,1,0,3
0,4,197,6,7,0,0,4,1,0,2
0,4,198,5,3,3,0,0,0,0,1
0,4,199,3,2,2,0,1,0,0,1
0,5,200,9,10,0,0,4,0,0,4
0,5,201,5,6,0,0,1,2,0,4
0,5,202,7,5,3,0,1,0,0,5
0,5,203,9,10,0,0,2,1,0,3
0,5,204,6,6,1,0,3,0,0,3
0,5,205,8,9,0,0,4,1,0,9
0,5,206,8,9,0,0,0,0,0,1
0,5,207,9,10,0,0,4,0,0,3
0,5,208,8,7,2,0,1,0,0,2
0,5,209,5,4,2,0,2,0,0,2
0,5,210,6,6,1,0,1,0,0,1
0,5,211,8,8,1,0,3,0,0,2
0,5,212,14,14,1,0,1,0,0,2
0,5,213,6,5,2,0,2,0,0,3
0,5,214,1,1,1,0,1,0,0,0
0,5,215,10,10,1,0,3,0,0,4
0,5,216,8,9,0,0,4,0,0,9
0,5,217,6,7,0,0,1,0,0,4
0,5,218,6,5,2,0,1,1,0,2
0,5,219,9,9,1,0,0,0,0,2
0,5,220,8,9,0,0,3,0,0,6
0,5,221,5,4,2,0,1,0,0,1
0,5,222,10,10,1,0,1,1,0,7
0,5,223,10,11,0,0,2,0,0,2
0,5,224,4,3,2,0,0,0,0,0
0,5,225,7,8,0,0,4,0,0,2
0,5,226,10,11,0,0,4,0,0,5
0,5,227,9,9,1,0,1,1,0,3
0,5,228,6,6,1,0,3,0,0,3
0,5,229,6,7,0,0,4,0,0,2
0,5,230,7,8,0,0,4,0,0,3
0,5,231,5,4,2,0,1,0,0,1
0,5,232,8,8,1,0,2,0,0,6
0,5,233,5,4,2,0,1,0,0,2
0,5,234,5,5,1,0,2,0,0,3
0,5,235,9,10,0,0,4,0,0,2
0,5,236,5,5,1,0,3,1,0,1
0,5,237,5,6,0,0,4,0,0,1
0,5,238,4,4,1,0,3,0,0,2
0,5,239,9,10,0,0,4,0,0,8
0,5,240,3,3,1,0,2,0,0,0
0,5,241,4,5,0,0,0,1,0,1
0,5,242,4,2,3,0,0,1,0,0
0,5,243,4,4,1,0,2,0,0,0
0,5,244,10,10,1,0,1,1,0,2
0,5,245,7,7,1,0,3,0,0,4
0,5,246,5,5,1,0,3,0,0,1
0,5,247,4,3,2,0,1,1,0,0
0,5,248,5,6,0,0,4,0,0,7
0,5,249,8,9,0,0,2,1,0,1
1,0,250,6,0,7,1,0,0,5,0
1,0,251,5,1,5,0,0,1,2,0
1,0,252,13,0,14,4,0,0,9,0
1,0,253,9,1,9,3,0,1,2,0
1,0,254,6,1,6,2,0,1,1,0
1,0,255,6,1,6,3,0,1,3,0
1,0,256,4,2,3,0,0,2,1,0
1,0,257,6,1,6,3,0,1,3,0
1,0,258,2,1,2,2,0,1,1,0
1,0,259,5,1,5,3,0,1,1,0
1,0,260,6,0,7,4,0,0,3,0
1,0,261,4,0,5,2,0,0,2,0
1,0,262,6,0,7,1,0,0,4,0
1,0,263,7,1,7,1,0,1,3,0
1,0,264,4,2,3,1,0,2,2,0
1,0,265,8,1,8,2,0,1,2,0
1,0,266,11,0,12,1,0,0,9,0
1,0,267,4,0,5,4,0,0,1,0
1,0,268,12,0,13,3,0,0,3,0
1,0,269,2,1,2,2,0,1,0,0
1,0,270,7,0,8,1,0,0,4,0
1,0,271,7,0,8,2,0,0,0,0
1,0,272,4,2,3,1,0,2,0,0
1,0,273,10,0,11,4,0,0,2,0
1,0,274,9,0,10,4,0,0,5,0
1,0,275,6,0,7,4,0,0,3,0
1,0,276,14,0,15,4,0,0,8,0
1,0,277,6,1,6,3,0,1,3,0
1,0,278,10,0,11,1,0,0,2,0
1,0,279,6,0,7,2,0,0,2,0
1,0,280,11,0,12,2,0,0,2,0
1,0,281,6,1,6,2,0,1,2,0
1,0,282,4,2,3,1,0,2,1,0
1,0,283,7,0,8,1,0,0,2,0
1,0,284,6,1,6,3,0,1,5,0
1,0,285,9,0,10,4,0,0,4,0
1,0,286,2,2,1,1,0,2,0,0
1,0,287,4,1,4,1,0,1,3,0
1,0,288,8,1,8,3,0,1,4,0
1,0,289,11,1,11,3,0,1,5,0
1,0,290,7,1,7,2,0,1,3,0
1,0,291,5,2,4,1,0,2,2,0
1,0,292,8,0,9,2,0,0,7,0
1,0,293,8,1,8,2,0,1,3,0
1,0,294,9,0,10,4,0,0,6,0
1,0,295,4,0,5,4,0,0,3,0
1,0,296,7,1,7,2,0,1,6,0
1,0,297,4,1,4,2,0,1,1,0
1,0,298,5,0,6,4,0,0,4,0
1,0,299,13,1,13,1,0,1,7,0
1,2,300,5,3,3,0,0,3,0,0
1,2,301,3,3,1,0,0,3,0,0
1,2,302,4,3,2,0,0,3,0,0
1,2,303,2,2,1,0,0,2,0,0
1,2,304,1,2,0,0,0,2,0,0
1,2,305,1,2,0,0,0,2,0,0
1,2,306,2,3,0,0,0,3,0,0
1,2,307,3,1,3,0,0,1,0,0
1,2,308,3,3,1,0,0,3,0,0
1,2,309,5,2,4,0,0,2,0,0
1,2,310,3,3,1,0,0,3,0,0
1,2,311,5,1,5,0,0,1,0,0
1,2,312,1,2,0,0,0,2,0,0
1,2,313,4,2,3,0,0,2,0,0
1,2,314,3,1,3,0,0,1,0,0
1,2,315,2,0,3,0,0,0,0,0
1,2,316,4,3,2,0,0,3,0,0
1,2,317,3,2,2,0,0,2,0,0
1,2,318,5,2,4,0,0,2,0,0
1,2,319,3,1,3,0,0,1,0,0
1,2,320,2,0,3,0,0,0,0,0
1,2,321,4,2,3,0,0,2,0,0
1,2,322,5,2,4,0,0,2,0,0
1,2,323,3,2,2,0,0,2,0,0
1,2,324,5,2,4,0,0,2,0,0
1,2,325,3,2,2,0,0,2,0,0
1,2,326,3,1,3,0,0,1,0,0
1,2,327,5,3,3,0,0,3,0,0
1,2,328,4,3,2,0,0,3,0,0
1,2,329,2,0,3,0,0,0,0,0
1,2,330,4,2,3,0,0,2,0,0
1,2,331,6,3,4,0,0,3,0,0
1,2,332,3,1,3,0,0,1,0,0
1,2,333,1,0,2,0,0,0,0,0
1,2,334,4,1,4,0,0,1,0,0
1,2,335,5,3,3,0,0,3,0,0
1,2,336,2,0,3,0,0,0,0,0
1,2,337,1,0,2,0,0,0,0,0
1,2,338,5,1,5,0,0,1,0,0
1,2,339,3,2,2,0,0,2,0,0
1,2,340,2,0,3,0,0,0,0,0
1,2,341,4,2,3,0,0,2,0,0
1,2,342,2,3,0,0,0,3,0,0
1,2,343,4,3,2,0,0,3,0,0
1,2,344,3,1,3,0,0,1,0,0
1,2,345,3,2,2,0,0,2,0,0
1,2,346,2,2,1,0,0,2,0,0
1,2,347,4,1,4,0,0,1,0,0
1,2,348,6,3,4,0,0,3,0,0
1,2,349,3,0,4,0,0,0,0,0
1,3,350,3,3,1,0,0,3,0,0
1,3,351,2,3,0,0,0,3,0,0
1,3,352,4,3,2,0,0,3,0,0
1,3,353,1,2,0,0,0,2,0,0
1,3,354,4,2,3,0,0,2,0,0
1,3,355,4,3,2,0,0,3,0,0
1,3,356,2,3,0,0,0,3,0,0
1,3,357,4,3,2,0,0,3,0,0
1,3,358,2,3,0,0,0,3,0,0
1,3,359,2,3,0,0,0,3,0,0
1,3,360,4,3,2,0,0,3,0,0
1,3,361,1,2,0,0,0,2,0,0
1,3,362,5,2,4,0,0,2,0,0
1,3,363,2,2,1,0,0,2,0,0
1,3,364,5,3,3,0,0,3,0,0
1,3,365,4,3,2,0,0,3,0,0
1,3,366,5,4,2,0,0,4,0,0
1,3,367,2,0,3,0,0,0,0,0
1,3,368,2,0,3,0,0,0,0,0
1,3,369,5,2,4,0,0,2,0,0
1,3,370,5,2,4,0,0,2,0,0
1,3,371,2,3,0,0,0,3,0,0
1,3,372,3,1,3,0,0,1,0,0
1,3,373,3,3,1,0,0,3,0,0
1,3,374,4,3,2,0,0,3,0,0
1,3,375,3,3,1,0,0,3,0,0
1,3,376,2,2,1,0,0,2,0,0
1,3,377,4,3,2,0,0,3,0,0
1,3,378,2,2,1,0,0,2,0,0
1,3,379,3,3,1,0,0,3,0,0
1,3,380,2,3,0,0,0,3,0,0
1,3,381,4,3,2,0,0,3,0,0
1,3,382,1,2,0,0,0,2,0,0
1,3,383,2,1,2,0,0,1,0,0
1,3,384,5,2,4,0,0,2,0,0
1,3,385,6,4,3,0,0,4,0,0
1,3,386,4,3,2,0,0,3,0,0
1,3,387,2,2,1,0,0,2,0,0
1,3,388,3,3,1,0,0,3,0,0
1,3,389,3,1,3,0,0,1,0,0
1,3,390,4,3,2,0,0,3,0,0
1,3,391,2,3,0,0,0,3,0,0
1,3,392,3,2,2,0,0,2,0,0
1,3,393,2,3,0,0,0,3,0,0
1,3,394,3,1,3,0,0,1,0,0
1,3,395,5,2,4,0,0,2,0,0
1,3,396,4,3,2,0,0,3,0,0
1,3,397,4,1,4,0,0,1,0,0
1,3,398,4,3,2,0,0,3,0,0
1,3,399,2,0,3,0,0,0,0,0
1,4,400,6,3,4,0,0,3,0,0
1,4,401,6,3,4,0,0,3,0,0
1,4,402,1,0,2,0,0,0,0,0
1,4,403,4,2,3,0,0,2,0,0
1,4,404,5,4,2,0,0,4,0,0
1,4,405,5,4,2,0,0,4,0,0
1,4,406,6,3,4,0,0,3,0,0
1,4,407,5,3,3,0,0,3,0,0
1,4,408,4,3,2,0,0,3,0,0
1,4,409,4,1,4,0,0,1,0,0
1,4,410,6,4,3,0,0,4,0,0
1,4,411,5,3,3,0,0,3,0,0
1,4,412,6,4,3,0,0,4,0,0
1,4,413,5,0,6,0,0,0,0,0
1,4,414,6,3,4,0,0,3,0,0
1,4,415,4,1,4,0,0,1,0,0
1,4,416,6,3,4,0,0,3,0,0
1,4,417,7,4,4,0,0,4,0,0
1,4,418,2,0,3,0,0,0,0,0
1,4,419,5,2,4,0,0,2,0,0
1,4,420,3,4,0,0,0,4,0,0
1,4,421,3,1,3,0,0,1,0,0
1,4,422,3,3,1,0,0,3,0,0
1,4,423,6,3,4,0,0,3,0,0
1,4,424,5,2,4,0,0,2,0,0
1,4,425,5,1,5,0,0,1,0,0
1,4,426,5,3,3,0,0,3,0,0
1,4,427,6,4,3,0,0,4,0,0
1,4,428,3,4,0,0,0,4,0,0
1,4,429,4,1,4,0,0,1,0,0
1,4,430,5,2,4,0,0,2,0,0
1,4,431,6,4,3,0,0,4,0,0
1,4,432,2,0,3,0,0,0,0,0
1,4,433,6,3,4,0,0,3,0,0
1,4,434,3,0,4,0,0,0,0,0
1,4,435,4,4,1,0,0,4,0,0
1,4,436,5,4,2,0,0,4,0,0
1,4,437,4,2,3,0,0,2,0,0
1,4,438,7,3,5,0,0,3,0,0
1,4,439,3,0,4,0,0,0,0,0
1,4,440,5,3,3,0,0,3,0,0
1,4,441,6,3,4,0,0,3,0,0
1,4,442,4,3,2,0,0,3,0,0
1,4,443,5,2,4,0,0,2,0,0
1,4,444,7,2,6,0,0,2,0,0
1,4,445,4,1,4,0,0,1,0,0
1,4,446,4,4,1,0,0,4,0,0
1,4,447,1,0,2,0,0,0,0,0
1,4,448,4,4,1,0,0,4,0,0
1,4,449,5,2,4,0,0,2,0,0
1,5,450,3,3,1,0,0,3,0,0
1,5,451,5,3,3,0,0,3,0,0
1,5,452,4,1,4,0,0,1,0,0
1,5,453,5,2,4,0,0,2,0,0
1,5,454,4,3,2,0,0,3,0,0
1,5,455,3,1,3,0,0,1,0,0
1,5,456,4,4,1,0,0,4,0,0
1,5,457,5,3,3,0,0,3,0,0
1,5,458,5,4,2,0,0,4,0,0
1,5,459,4,1,4,0,0,1,0,0
1,5,460,6,4,3,0,0,4,0,0
1,5,461,4,1,4,0,0,1,0,0
1,5,462,4,1,4,0,0,1,0,0
1,5,463,5,4,2,0,0,4,0,0
1,5,464,5,1,5,0,0,1,0,0
1,5,465,4,4,1,0,0,4,0,0
1,5,466,4,4,1,0,0,4,0,0
1,5,467,4,1,4,0,0,1,0,0
1,5,468,3,4,0,0,0,4,0,0
1,5,469,4,4,1,0,0,4,0,0
1,5,470,3,0,4,0,0,0,0,0
1,5,471,5,4,2,0,0,4,0,0
1,5,472,8,4,5,0,0,4,0,0
1,5,473,8,3,6,0,0,3,0,0
1,5,474,3,2,2,0,0,2,0,0
1,5,475,7,4,4,0,0,4,0,0
1,5,476,4,1,4,0,0,1,0,0
1,5,477,5,4,2,0,0,4,0,0
1,5,478,4,3,2,0,0,3,0,0
1,5,479,3,4,0,0,0,4,0,0
1,5,480,5,2,4,0,0,2,0,0
1,5,481,2,2,1,0,0,2,0,0
1,5,482,6,4,3,0,0,4,0,0
1,5,483,7,4,4,0,0,4,0,0
1,5,484,4,2,3,0,0,2,0,0
1,5,485,6,3,4,0,0,3,0,0
1,5,486,4,3,2,0,0,3,0,0
1,5,487,4,2,3,0,0,2,0,0
1,5,488,7,2,6,0,0,2,0,0
1,5,489,5,2,4,0,0,2,0,0
1,5,490,6,4,3,0,0,4,0,0
1,5,491,5,4,2,0,0,4,0,0
1,5,492,7,3,5,0,0,3,0,0
1,5,493,6,2,5,0,0,2,0,0
1,5,494,4,2,3,0,0,2,0,0
1,5,495,3,4,0,0,0,4,0,0
1,5,496,4,2,3,0,0,2,0,0
1,5,497,3,2,2,0,0,2,0,0
1,5,498,4,4,1,0,0,4,0,0
1,5,499,5,2,4,0,0,2,0,0
2,0,500,3,3,1,0,0,3,0,0
2,0,501,6,2,5,1,0,2,1,0
2,0,502,4,0,5,0,0,0,2,0
2,0,503,4,1,4,0,0,1,2,0
2,0,504,1,2,0,0,0,2,0,0
2,0,505,7,0,8,3,0,0,3,0
2,0,506,6,1,6,0,0,1,2,0
2,0,507,3,2,2,1,0,2,0,0
2,0,508,6,0,7,1,0,0,3,0
2,0,509,3,3,1,0,0,3,0,0
2,0,510,9,2,8,1,0,2,3,0
2,0,511,9,1,9,0,0,1,5,0
2,0,512,3,0,4,1,0,0,1,0
2,0,513,5,0,6,1,0,0,6,0
2,0,514,4,0,5,1,0,0,2,0
2,0,515,5,1,5,0,0,1,4,0
2,0,516,6,1,6,0,0,1,1,0
2,0,517,2,0,3,0,0,0,0,0
2,0,518,9,1,9,2,0,1,3,0
2,0,519,5,0,6,2,0,0,1,0
2,0,520,7,2,6,0,0,2,1,0
2,0,521,5,1,5,0,0,1,1,0
2,0,522,6,0,7,0,0,0,2,0
2,0,523,3,2,2,0,0,2,2,0
2,0,524,7,0,8,2,0,0,0,0
2,0,525,5,2,4,0,0,2,1,0
2,0,526,4,1,4,0,0,1,3,0
2,0,527,6,1,6,1,0,1,0,0
2,0,528,4,2,3,1,0,2,0,0
2,0,529,5,0,6,1,0,0,1,0
2,0,530,6,0,7,0,0,0,2,0
2,0,531,4,2,3,1,0,2,1,0
2,0,532,3,0,4,1,0,0,0,0
2,0,533,9,0,10,3,0,0,1,0
2,0,534,5,1,5,2,0,1,2,0
2,0,535,5,2,4,0,0,2,1,0
2,0,536,8,2,7,1,0,2,1,0
2,0,537,4,3,2,0,0,3,2,0
2,0,538,3,2,2,1,0,2,2,0
2,0,539,3,1,3,2,0,1,0,0
2,0,540,3,0,4,1,0,0,2,0
2,0,541,5,2,4,1,0,2,1,0
2,0,542,6,1,6,2,0,1,6,0
2,0,543,5,3,3,0,0,3,1,0
2,0,544,7,0,8,1,0,0,3,0
2,0,545,5,0,6,4,0,0,4,0
2,0,546,6,2,5,1,0,2,3,0
2,0,547,3,2,2,1,0,2,4,0
2,0,548,4,0,5,0,0,0,1,0
2,0,549,2,0,3,0,0,0,2,0
2,1,550,4,4,1,0,0,4,0,0
2,1,551,5,3,3,0,0,3,0,0
2,1,552,4,4,1,0,0,4,0,0
2,1,553,3,4,0,0,0,4,0,0
2,1,554,2,0,3,0,0,0,0,0
2,1,555,4,4,1,0,0,4,0,0
2,1,556,4,1,4,0,0,1,0,0
2,1,557,5,4,2,0,0,4,0,0
2,1,558,3,1,3,0,0,1,0,0
2,1,559,5,4,2,0,0,4,0,0
2,1,560,4,2,3,0,0,2,0,0
2,1,561,2,0,3,0,0,0,0,0
2,1,562,2,0,3,0,0,0,0,0
2,1,563,4,4,1,0,0,4,0,0
2,1,564,3,3,1,0,0,3,0,0
2,1,565,5,4,2,0,0,4,0,0
2,1,566,2,1,2,0,0,1,0,0
2,1,567,2,1,2,0,0,1,0,0
2,1,568,4,4,1,0,0,4,0,0
2,1,569,3,4,0,0,0,4,0,0
2,1,570,1,0,2,0,0,0,0,0
2,1,571,5,2,4,0,0,2,0,0
2,1,572,3,1,3,0,0,1,0,0
2,1,573,1,0,2,0,0,0,0,0
2,1,574,4,4,1,0,0,4,0,0
2,1,575,3,1,3,0,0,1,0,0
2,1,576,5,2,4,0,0,2,0,0
2,1,577,5,4,2,0,0,4,0,0
2,1,578,1,0,2,0,0,0,0,0
2,1,579,3,1,3,0,0,1,0,0
2,1,580,4,3,2,0,0,3,0,0
2,1,581,5,4,2,0,0,4,0,0
2,1,582,2,1,2,0,0,1,0,0
2,1,583,4,2,3,0,0,2,0,0
2,1,584,3,3,1,0,0,3,0,0
2,1,585,4,4,1,0,0,4,0,0
2,1,586,2,3,0,0,0,3,0,0
2,1,587,2,1,2,0,0,1,0,0
2,1,588,3,3,1,0,0,3,0,0
2,1,589,4,4,1,0,0,4,0,0
2,1,590,2,3,0,0,0,3,0,0
2,1,591,3,3,1,0,0,3,0,0
2,1,592,5,4,2,0,0,4,0,0
2,1,593,3,1,3,0,0,1,0,0
2,1,594,3,1,3,0,0,1,0,0
2,1,595,4,2,3,0,0,2,0,0
2,1,596,4,4,1,0,0,4,0,0
2,1,597,4,3,2,0,0,3,0,0
2,1,598,4,2,3,0,0,2,0,0
2,1,599,3,1,3,0,0,1,0,0
2,4,600,4,2,3,0,0,2,0,0
2,4,601,3,3,1,0,0,3,0,0
2,4,602,2,3,0,0,0,3,0,0
2,4,603,3,1,3,0,0,1,0,0
2,4,604,3,3,1,0,0,3,0,0
2,4,605,4,1,4,0,0,1,0,0
2,4,606,2,1,2,0,0,1,0,0
2,4,607,4,2,3,0,0,2,0,0
2,4,608,3,3,1,0,0,3,0,0
2,4,609,4,2,3,0,0,2,0,0
2,4,610,3,1,3,0,0,1,0,0
2,4,611,1,0,2,0,0,0,0,0
2,4,612,2,0,3,0,0,0,0,0
2,4,613,2,0,3,0,0,0,0,0
2,4,614,5,4,2,0,0,4,0,0
2,4,615,3,3,1,0,0,3,0,0
2,4,616,3,1,3,0,0,1,0,0
2,4,617,4,4,1,0,0,4,0,0
2,4,618,4,2,3,0,0,2,0,0
2,4,619,2,1,2,0,0,1,0,0
2,4,620,3,1,3,0,0,1,0,0
2,4,621,5,3,3,0,0,3,0,0
2,4,622,2,2,1,0,0,2,0,0
2,4,623,4,4,1,0,0,4,0,0
2,4,624,4,2,3,0,0,2,0,0
2,4,625,3,1,3,0,0,1,0,0
2,4,626,2,1,2,0,0,1,0,0
2,4,627,3,1,3,0,0,1,0,0
2,4,628,4,2,3,0,0,2,0,0
2,4,629,1,0,2,0,0,0,0,0
2,4,630,4,4,1,0,0,4,0,0
2,4,631,4,4,1,0,0,4,0,0
2,4,632,4,4,1,0,0,4,0,0
2,4,633,1,0,2,0,0,0,0,0
2,4,634,3,3,1,0,0,3,0,0
2,4,635,3,1,3,0,0,1,0,0
2,4,636,2,0,3,0,0,0,0,0
2,4,637,5,2,4,0,0,2,0,0
2,4,638,2,0,3,0,0,0,0,0
2,4,639,3,3,1,0,0,3,0,0
2,4,640,1,2,0,0,0,2,0,0
2,4,641,1,0,2,0,0,0,0,0
2,4,642,3,2,2,0,0,2,0,0
2,4,643,5,3,3,0,0,3,0,0
2,4,644,1,0,2,0,0,0,0,0
2,4,645,3,2,2,0,0,2,0,0
2,4,646,1,0,2,0,0,0,0,0
2,4,647,3,1,3,0,0,1,0,0
2,4,648,5,2,4,0,0,2,0,0
2,4,649,3,1,3,0,0,1,0,0
2,5,650,5,3,3,0,0,3,0,0
2,5,651,2,2,1,0,0,2,0,0
2,5,652,2,0,3,0,0,0,0,0
2,5,653,2,1,2,0,0,1,0,0
2,5,654,5,3,3,0,0,3,0,0
2,5,655,3,2,2,0,0,2,0,0
2,5,656,2,0,3,0,0,0,0,0
2,5,657,2,0,3,0,0,0,0,0
2,5,658,4,2,3,0,0,2,0,0
2,5,659,2,1,2,0,0,1,0,0
2,5,660,4,3,2,0,0,3,0,0
2,5,661,6,3,4,0,0,3,0,0
2,5,662,2,1,2,0,0,1,0,0
2,5,663,4,3,2,0,0,3,0,0
2,5,664,5,4,2,0,0,4,0,0
2,5,665,3,1,3,0,0,1,0,0
2,5,666,5,4,2,0,0,4,0,0
2,5,667,5,4,2,0,0,4,0,0
2,5,668,1,0,2,0,0,0,0,0
2,5,669,1,0,2,0,0,0,0,0
2,5,670,0,0,1,0,0,0,0,0
2,5,671,5,3,3,0,0,3,0,0
2,5,672,3,3,1,0,0,3,0,0
2,5,673,3,1,3,0,0,1,0,0
2,5,674,4,2,3,0,0,2,0,0
2,5,675,3,1,3,0,0,1,0,0
2,5,676,5,3,3,0,0,3,0,0
2,5,677,2,0,3,0,0,0,0,0
2,5,678,2,1,2,0,0,1,0,0
2,5,679,4,2,3,0,0,2,0,0
2,5,680,5,2,4,0,0,2,0,0
2,5,681,2,0,3,0,0,0,0,0
2,5,682,2,0,3,0,0,0,0,0
2,5,683,4,2,3,0,0,2,0,0
2,5,684,3,1,3,0,0,1,0,0
2,5,685,1,0,2,0,0,0,0,0
2,5,686,3,3,1,0,0,3,0,0
2,5,687,5,2,4,0,0,2,0,0
2,5,688,2,0,3,0,0,0,0,0
2,5,689,2,1,2,0,0,1,0,0
2,5,690,2,0,3,0,0,0,0,0
2,5,691,1,0,2,0,0,0,0,0
2,5,692,6,3,4,0,0,3,0,0
2,5,693,3,3,1,0,0,3,0,0
2,5,694,2,0,3,0,0,0,0,0
2,5,695,3,3,1,0,0,3,0,0
2,5,696,2,0,3,0,0,0,0,0
2,5,697,3,2,2,0,0,2,0,0
2,5,698,1,0,2,0,0,0,0,0
2,5,699,3,3,1,0,0,3,0,0
3,0,700,6,2,5,1,0,2,3,0
3,0,701,6,2,5,2,0,2,0,0
3,0,702,4,1,4,0,0,1,0,0
3,0,703,3,1,3,0,0,1,0,0
3,0,704,5,1,5,0,0,1,0,0
3,0,705,3,0,4,0,0,0,0,0
3,0,706,5,1,5,0,0,1,0,0
3,0,707,7,1,7,2,0,1,1,0
3,0,708,3,0,4,0,0,0,0,0
3,0,709,4,0,5,1,0,0,0,0
3,0,710,2,0,3,0,0,0,0,0
3,0,711,4,1,4,0,0,1,1,0
3,0,712,4,0,5,0,0,0,1,0
3,0,713,3,0,4,1,0,0,0,0
3,0,714,6,1,6,0,0,1,2,0
3,0,715,6,1,6,0,0,1,1,0
3,0,716,3,0,4,0,0,0,2,0
3,0,717,4,2,3,1,0,2,0,0
3,0,718,3,0,4,0,0,0,0,0
3,0,719,6,1,6,0,0,1,3,0
3,0,720,3,2,2,0,0,2,0,0
3,0,721,2,0,3,0,0,0,1,0
3,0,722,5,0,6,0,0,0,1,0
3,0,723,9,1,9,2,0,1,2,0
3,0,724,4,0,5,0,0,0,2,0
3,0,725,6,0,7,2,0,0,0,0
3,0,726,6,1,6,1,0,1,2,0
3,0,727,5,1,5,0,0,1,1,0
3,0,728,5,1,5,1,0,1,1,0
3,0,729,4,1,4,0,0,1,2,0
3,0,730,6,0,7,1,0,0,2,0
3,0,731,2,1,2,0,0,1,0,0
3,0,732,4,0,5,0,0,0,1,0
3,0,733,4,2,3,0,0,2,2,0
3,0,734,6,0,7,2,0,0,6,0
3,0,735,7,0,8,1,0,0,3,0
3,0,736,2,0,3,0,0,0,0,0
3,0,737,6,0,7,1,0,0,4,0
3,0,738,6,1,6,0,0,1,3,0
3,0,739,5,1,5,1,0,1,1,0
3,0,740,4,1,4,3,0,1,0,0
3,0,741,5,1,5,1,0,1,2,0
3,0,742,6,1,6,1,0,1,2,0
3,0,743,4,1,4,2,0,1,4,0
3,0,744,3,0,4,0,0,0,0,0
3,0,745,2,0,3,0,0,0,0,0
3,0,746,8,2,7,0,0,2,5,0
3,0,747,5,0,6,0,0,0,0,0
3,0,748,4,0,5,1,0,0,1,0
3,0,749,4,1,4,0,0,1,1,0
3,1,750,5,3,3,0,0,3,0,0
3,1,751,4,3,2,0,0,3,0,0
3,1,752,2,1,2,0,0,1,0,0
3,1,753,4,2,3,0,0,2,0,0
3,1,754,5,4,2,0,0,4,0,0
3,1,755,2,0,3,0,0,0,0,0
3,1,756,5,3,3,0,0,3,0,0
3,1,757,4,2,3,0,0,2,0,0
3,1,758,3,4,0,0,0,4,0,0
3,1,759,2,1,2,0,0,1,0,0
3,1,760,4,2,3,0,0,2,0,0
3,1,761,5,4,2,0,0,4,0,0
3,1,762,3,1,3,0,0,1,0,0
3,1,763,4,2,3,0,0,2,0,0
3,1,764,3,0,4,0,0,0,0,0
3,1,765,1,0,2,0,0,0,0,0
3,1,766,5,0,6,0,0,0,0,0
3,1,767,5,3,3,0,0,3,0,0
3,1,768,4,2,3,0,0,2,0,0
3,1,769,2,3,0,0,0,3,0,0
3,1,770,5,3,3,0,0,3,0,0
3,1,771,1,0,2,0,0,0,0,0
3,1,772,3,0,4,0,0,0,0,0
3,1,773,5,4,2,0,0,4,0,0
3,1,774,2,0,3,0,0,0,0,0
3,1,775,4,2,3,0,0,2,0,0
3,1,776,3,2,2,0,0,2,0,0
3,1,777,3,3,1,0,0,3,0,0
3,1,778,2,0,3,0,0,0,0,0
3,1,779,2,1,2,0,0,1,0,0
3,1,780,1,0,2,0,0,0,0,0
3,1,781,3,1,3,0,0,1,0,0
3,1,782,6,3,4,0,0,3,0,0
3,1,783,4,4,1,0,0,4,0,0
3,1,784,2,0,3,0,0,0,0,0
3,1,785,5,3,3,0,0,3,0,0
3,1,786,4,1,4,0,0,1,0,0
3,1,787,5,2,4,0,0,2,0,0
3,1,788,3,0,4,0,0,0,0,0
3,1,789,2,0,3,0,0,0,0,0
3,1,790,3,1,3,0,0,1,0,0
3,1,791,4,3,2,0,0,3,0,0
3,1,792,3,3,1,0,0,3,0,0
3,1,793,3,1,3,0,0,1,0,0
3,1,794,3,0,4,0,0,0,0,0
3,1,795,3,4,0,0,0,4,0,0
3,1,796,2,1,2,0,0,1,0,0
3,1,797,2,0,3,0,0,0,0,0
3,1,798,3,1,3,0,0,1,0,0
3,1,799,2,3,0,0,0,3,0,0
3,4,800,1,0,2,0,0,0,0,0
3,4,801,3,1,3,0,0,1,0,0
3,4,802,2,1,2,0,0,1,0,0
3,4,803,3,2,2,0,0,2,0,0
3,4,804,1,0,2,0,0,0,0,0
3,4,805,3,3,1,0,0,3,0,0
3,4,806,4,2,3,0,0,2,0,0
3,4,807,4,2,3,0,0,2,0,0
3,4,808,1,0,2,0,0,0,0,0
3,4,809,4,3,2,0,0,3,0,0
3,4,810,5,3,3,0,0,3,0,0
3,4,811,3,1,3,0,0,1,0,0
3,4,812,2,0,3,0,0,0,0,0
3,4,813,3,4,0,0,0,4,0,0
3,4,814,4,1,4,0,0,1,0,0
3,4,815,2,0,3,0,0,0,0,0
3,4,816,1,0,2,0,0,0,0,0
3,4,817,3,1,3,0,0,1,0,0
3,4,818,4,2,3,0,0,2,0,0
3,4,819,2,0,3,0,0,0,0,0
3,4,820,3,1,3,0,0,1,0,0
3,4,821,5,3,3,0,0,3,0,0
3,4,822,4,2,3,0,0,2,0,0
3,4,823,3,2,2,0,0,2,0,0
3,4,824,5,4,2,0,0,4,0,0
3,4,825,2,1,2,0,0,1,0,0
3,4,826,3,1,3,0,0,1,0,0
3,4,827,4,2,3,0,0,2,0,0
3,4,828,3,1,3,0,0,1,0,0
3,4,829,2,0,3,0,0,0,0,0
3,4,830,4,2,3,0,0,2,0,0
3,4,831,5,4,2,0,0,4,0,0
3,4,832,3,3,1,0,0,3,0,0
3,4,833,1,0,2,0,0,0,0,0
3,4,834,5,3,3,0,0,3,0,0
3,4,835,3,1,3,0,0,1,0,0
3,4,836,4,1,4,0,0,1,0,0
3,4,837,3,1,3,0,0,1,0,0
3,4,838,4,3,2,0,0,3,0,0
3,4,839,4,2,3,0,0,2,0,0
3,4,840,3,2,2,0,0,2,0,0
3,4,841,2,0,3,0,0,0,0,0
3,4,842,2,0,3,0,0,0,0,0
3,4,843,1,0,2,0,0,0,0,0
3,4,844,4,1,4,0,0,1,0,0
3,4,845,4,2,3,0,0,2,0,0
3,4,846,3,2,2,0,0,2,0,0
3,4,847,5,3,3,0,0,3,0,0
3,4,848,1,0,2,0,0,0,0,0
3,4,849,3,1,3,0,0,1,0,0
3,5,850,5,4,2,0,0,4,0,0
3,5,851,4,3,2,0,0,3,0,0
3,5,852,1,0,2,0,0,0,0,0
3,5,853,3,1,3,0,0,1,0,0
3,5,854,5,4,2,0,0,4,0,0
3,5,855,5,3,3,0,0,3,0,0
3,5,856,5,4,2,0,0,4,0,0
3,5,857,2,1,2,0,0,1,0,0
3,5,858,2,0,3,0,0,0,0,0
3,5,859,4,3,2,0,0,3,0,0
3,5,860,2,0,3,0,0,0,0,0
3,5,861,3,1,3,0,0,1,0,0
3,5,862,5,3,3,0,0,3,0,0
3,5,863,2,0,3,0,0,0,0,0
3,5,864,2,1,2,0,0,1,0,0
3,5,865,3,2,2,0,0,2,0,0
3,5,866,3,2,2,0,0,2,0,0
3,5,867,4,2,3,0,0,2,0,0
3,5,868,4,2,3,0,0,2,0,0
3,5,869,5,3,3,0,0,3,0,0
3,5,870,2,1,2,0,0,1,0,0
3,5,871,4,2,3,0,0,2,0,0
3,5,872,3,2,2,0,0,2,0,0
3,5,873,2,1,2,0,0,1,0,0
3,5,874,2,1,2,0,0,1,0,0
3,5,875,3,1,3,0,0,1,0,0
3,5,876,2,0,3,0,0,0,0,0
3,5,877,3,1,3,0,0,1,0,0
3,5,878,5,2,4,0,0,2,0,0
3,5,879,5,3,3,0,0,3,0,0
3,5,880,4,4,1,0,0,4,0,0
3,5,881,3,2,2,0,0,2,0,0
3,5,882,2,0,3,0,0,0,0,0
3,5,883,2,0,3,0,0,0,0,0
3,5,884,4,3,2,0,0,3,0,0
3,5,885,2,0,3,0,0,0,0,0
3,5,886,2,1,2,0,0,1,0,0
3,5,887,2,1,2,0,0,1,0,0
3,5,888,4,2,3,0,0,2,0,0
3,5,889,3,3,1,0,0,3,0,0
3,5,890,4,3,2,0,0,3,0,0
3,5,891,3,1,3,0,0,1,0,0
3,5,892,3,3,1,0,0,3,0,0
3,5,893,4,2,3,0,0,2,0,0
3,5,894,3,0,4,0,0,0,0,0
3,5,895,5,3,3,0,0,3,0,0
3,5,896,5,4,2,0,0,4,0,0
3,5,897,3,1,3,0,0,1,0,0
3,5,898,1,0,2,0,0,0,0,0
3,5,899,3,2,2,0,0,2,0,0
4,0,900,6,1,6,2,0,1,2,0
4,0,901,9,1,9,0,0,1,1,0
4,0,902,6,0,7,4,0,0,0,0
4,0,903,8,0,9,4,0,0,4,0
4,0,904,3,0,4,4,0,0,0,0
4,0,905,9,1,9,2,0,1,2,0
4,0,906,9,1,9,3,0,1,3,0
4,0,907,10,1,10,2,0,1,8,0
4,0,908,5,0,6,1,0,0,1,0
4,0,909,4,2,3,2,0,2,2,0
4,0,910,11,0,12,3,0,0,6,0
4,0,911,10,0,11,1,0,0,7,0
4,0,912,8,0,9,4,0,0,4,0
4,0,913,6,3,4,0,0,3,2,0
4,0,914,6,0,7,2,0,0,4,0
4,0,915,10,0,11,2,0,0,5,0
4,0,916,9,0,10,3,0,0,0,0
4,0,917,10,1,10,2,0,1,3,0
4,0,918,10,0,11,2,0,0,6,0
4,0,919,4,1,4,2,0,1,2,0
4,0,920,14,3,12,0,0,3,3,0
4,0,921,11,1,11,2,0,1,5,0
4,0,922,8,0,9,4,0,0,5,0
4,0,923,5,1,5,3,0,1,2,0
4,0,924,7,0,8,4,0,0,4,0
4,0,925,4,0,5,4,0,0,1,0
4,0,926,4,0,5,4,0,0,2,0
4,0,927,9,0,10,1,0,0,3,0
4,0,928,7,1,7,2,0,1,3,0
4,0,929,9,0,10,3,0,0,5,0
4,0,930,8,1,8,1,0,1,2,0
4,0,931,7,1,7,1,0,1,2,0
4,0,932,7,1,7,3,0,1,3,0
4,0,933,9,0,10,2,0,0,5,0
4,0,934,9,0,10,3,0,0,3,0
4,0,935,8,0,9,1,0,0,4,0
4,0,936,2,1,2,2,0,1,1,0
4,0,937,8,0,9,4,0,0,5,0
4,0,938,5,1,5,3,0,1,2,0
4,0,939,5,1,5,2,0,1,4,0
4,0,940,11,1,11,2,0,1,8,0
4,0,941,14,0,15,2,0,0,5,0
4,0,942,8,1,8,3,0,1,3,0
4,0,943,9,0,10,1,0,0,5,0
4,0,944,5,0,6,2,0,0,0,0
4,0,945,7,1,7,2,0,1,3,0
4,0,946,8,1,8,2,0,1,4,0
4,0,947,9,2,8,1,0,2,3,0
4,0,948,13,0,14,2,0,0,10,0
4,0,949,7,2,6,1,0,2,4,0
4,1,950,7,2,6,0,0,2,0,0
4,1,951,4,4,1,0,0,4,0,0
4,1,952,5,2,4,0,0,2,0,0
4,1,953,2,0,3,0,0,0,0,0
4,1,954,4,1,4,0,0,1,0,0
4,1,955,4,2,3,0,0,2,0,0
4,1,956,3,3,1,0,0,3,0,0
4,1,957,5,4,2,0,0,4,0,0
4,1,958,4,1,4,0,0,1,0,0
4,1,959,7,3,5,0,0,3,0,0
4,1,960,5,2,4,0,0,2,0,0
4,1,961,3,3,1,0,0,3,0,0
4,1,962,4,1,4,0,0,1,0,0
4,1,963,3,4,0,0,0,4,0,0
4,1,964,5,4,2,0,0,4,0,0
4,1,965,3,2,2,0,0,2,0,0
4,1,966,5,4,2,0,0,4,0,0
4,1,967,6,4,3,0,0,4,0,0
4,1,968,6,4,3,0,0,4,0,0
4,1,969,6,4,3,0,0,4,0,0
4,1,970,5,3,3,0,0,3,0,0
4,1,971,6,3,4,0,0,3,0,0
4,1,972,4,4,1,0,0,4,0,0
4,1,973,4,1,4,0,0,1,0,0
4,1,974,4,4,1,0,0,4,0,0
4,1,975,6,4,3,0,0,4,0,0
4,1,976,4,4,1,0,0,4,0,0
4,1,977,6,4,3,0,0,4,0,0
4,1,978,5,4,2,0,0,4,0,0
4,1,979,3,1,3,0,0,1,0,0
4,1,980,5,2,4,0,0,2,0,0
4,1,981,5,2,4,0,0,2,0,0
4,1,982,4,3,2,0,0,3,0,0
4,1,983,4,2,3,0,0,2,0,0
4,1,984,4,4,1,0,0,4,0,0
4,1,985,3,4,0,0,0,4,0,0
4,1,986,7,4,4,0,0,4,0,0
4,1,987,6,3,4,0,0,3,0,0
4,1,988,6,2,5,0,0,2,0,0
4,1,989,5,4,2,0,0,4,0,0
4,1,990,6,3,4,0,0,3,0,0
4,1,991,5,3,3,0,0,3,0,0
4,1,992,4,3,2,0,0,3,0,0
4,1,993,7,4,4,0,0,4,0,0
4,1,994,4,1,4,0,0,1,0,0
4,1,995,4,0,5,0,0,0,0,0
4,1,996,5,2,4,0,0,2,0,0
4,1,997,6,3,4,0,0,3,0,0
4,1,998,5,2,4,0,0,2,0,0
4,1,999,5,1,5,0,0,1,0,0
4,2,1000,4,3,2,0,0,3,0,0
4,2,1001,1,2,0,0,0,2,0,0
4,2,1002,1,2,0,0,0,2,0,0
4,2,1003,2,3,0,0,0,3,0,0
4,2,1004,1,2,0,0,0,2,0,0
4,2,1005,1,2,0,0,0,2,0,0
4,2,1006,4,2,3,0,0,2,0,0
4,2,1007,2,3,0,0,0,3,0,0
4,2,1008,3,0,4,0,0,0,0,0
4,2,1009,3,2,2,0,0,2,0,0
4,2,1010,4,3,2,0,0,3,0,0
4,2,1011,1,2,0,0,0,2,0,0
4,2,1012,3,3,1,0,0,3,0,0
4,2,1013,3,3,1,0,0,3,0,0
4,2,1014,5,2,4,0,0,2,0,0
4,2,1015,4,1,4,0,0,1,0,0
4,2,1016,2,0,3,0,0,0,0,0
4,2,1017,3,3,1,0,0,3,0,0
4,2,1018,1,2,0,0,0,2,0,0
4,2,1019,2,3,0,0,0,3,0,0
4,2,1020,2,0,3,0,0,0,0,0
4,2,1021,2,3,0,0,0,3,0,0
4,2,1022,2,2,1,0,0,2,0,0
4,2,1023,2,3,0,0,0,3,0,0
4,2,1024,2,2,1,0,0,2,0,0
4,2,1025,4,2,3,0,0,2,0,0
4,2,1026,3,2,2,0,0,2,0,0
4,2,1027,2,0,3,0,0,0,0,0
4,2,1028,3,3,1,0,0,3,0,0
4,2,1029,6,3,4,0,0,3,0,0
4,2,1030,3,0,4,0,0,0,0,0
4,2,1031,1,2,0,0,0,2,0,0
4,2,1032,1,2,0,0,0,2,0,0
4,2,1033,3,3,1,0,0,3,0,0
4,2,1034,3,3,1,0,0,3,0,0
4,2,1035,1,2,0,0,0,2,0,0
4,2,1036,2,3,0,0,0,3,0,0
4,2,1037,5,4,2,0,0,4,0,0
4,2,1038,3,2,2,0,0,2,0,0
4,2,1039,4,3,2,0,0,3,0,0
4,2,1040,4,2,3,0,0,2,0,0
4,2,1041,2,3,0,0,0,3,0,0
4,2,1042,5,3,3,0,0,3,0,0
4,2,1043,5,3,3,0,0,3,0,0
4,2,1044,5,3,3,0,0,3,0,0
4,2,1045,3,3,1,0,0,3,0,0
4,2,1046,2,1,2,0,0,1,0,0
4,2,1047,4,3,2,0,0,3,0,0
4,2,1048,5,2,4,0,0,2,0,0
4,2,1049,3,0,4,0,0,0,0,0
4,3,1050,4,1,4,0,0,1,0,0
4,3,1051,2,2,1,0,0,2,0,0
4,3,1052,3,3,1,0,0,3,0,0
4,3,1053,4,3,2,0,0,3,0,0
4,3,1054,2,2,1,0,0,2,0,0
4,3,1055,2,2,1,0,0,2,0,0
4,3,1056,2,1,2,0,0,1,0,0
4,3,1057,3,3,1,0,0,3,0,0
4,3,1058,4,2,3,0,0,2,0,0
4,3,1059,2,3,0,0,0,3,0,0
4,3,1060,4,3,2,0,0,3,0,0
4,3,1061,2,3,0,0,0,3,0,0
4,3,1062,5,3,3,0,0,3,0,0
4,3,1063,2,2,1,0,0,2,0,0
4,3,1064,2,2,1,0,0,2,0,0
4,3,1065,2,3,0,0,0,3,0,0
4,3,1066,3,3,1,0,0,3,0,0
4,3,1067,5,3,3,0,0,3,0,0
4,3,1068,2,3,0,0,0,3,0,0
4,3,1069,2,3,0,0,0,3,0,0
4,3,1070,3,3,1,0,0,3,0,0
4,3,1071,1,2,0,0,0,2,0,0
4,3,1072,1,2,0,0,0,2,0,0
4,3,1073,3,3,1,0,0,3,0,0
4,3,1074,2,3,0,0,0,3,0,0
4,3,1075,1,2,0,0,0,2,0,0
4,3,1076,4,1,4,0,0,1,0,0
4,3,1077,3,3,1,0,0,3,0,0
4,3,1078,3,1,3,0,0,1,0,0
4,3,1079,3,3,1,0,0,3,0,0
4,3,1080,5,3,3,0,0,3,0,0
4,3,1081,4,3,2,0,0,3,0,0
4,3,1082,2,3,0,0,0,3,0,0
4,3,1083,2,2,1,0,0,2,0,0
4,3,1084,3,3,1,0,0,3,0,0
4,3,1085,4,4,1,0,0,4,0,0
4,3,1086,5,3,3,0,0,3,0,0
4,3,1087,2,2,1,0,0,2,0,0
4,3,1088,3,2,2,0,0,2,0,0
4,3,1089,6,3,4,0,0,3,0,0
4,3,1090,4,2,3,0,0,2,0,0
4,3,1091,2,3,0,0,0,3,0,0
4,3,1092,2,2,1,0,0,2,0,0
4,3,1093,3,3,1,0,0,3,0,0
4,3,1094,1,2,0,0,0,2,0,0
4,3,1095,3,1,3,0,0,1,0,0
4,3,1096,1,2,0,0,0,2,0,0
4,3,1097,5,3,3,0,0,3,0,0
4,3,1098,1,2,0,0,0,2,0,0
4,3,1099,4,1,4,0,0,1,0,0
4,5,1100,5,4,2,0,0,4,0,0
4,5,1101,4,4,1,0,0,4,0,0
4,5,1102,5,2,4,0,0,2,0,0
4,5,1103,6,4,3,0,0,4,0,0
4,5,1104,4,3,2,0,0,3,0,0
4,5,1105,4,4,1,0,0,4,0,0
4,5,1106,4,4,1,0,0,4,0,0
4,5,1107,3,3,1,0,0,3,0,0
4,5,1108,3,1,3,0,0,1,0,0
4,5,1109,4,4,1,0,0,4,0,0
4,5,1110,3,0,4,0,0,0,0,0
4,5,1111,4,1,4,0,0,1,0,0
4,5,1112,6,4,3,0,0,4,0,0
4,5,1113,6,3,4,0,0,3,0,0
4,5,1114,4,2,3,0,0,2,0,0
4,5,1115,6,4,3,0,0,4,0,0
4,5,1116,3,4,0,0,0,4,0,0
4,5,1117,4,2,3,0,0,2,0,0
4,5,1118,6,4,3,0,0,4,0,0
4,5,1119,5,4,2,0,0,4,0,0
4,5,1120,5,3,3,0,0,3,0,0
4,5,1121,4,1,4,0,0,1,0,0
4,5,1122,4,4,1,0,0,4,0,0
4,5,1123,6,3,4,0,0,3,0,0
4,5,1124,5,4,2,0,0,4,0,0
4,5,1125,3,0,4,0,0,0,0,0
4,5,1126,5,2,4,0,0,2,0,0
4,5,1127,4,2,3,0,0,2,0,0
4,5,1128,3,0,4,0,0,0,0,0
4,5,1129,4,4,1,0,0,4,0,0
4,5,1130,3,3,1,0,0,3,0,0
4,5,1131,2,0,3,0,0,0,0,0
4,5,1132,3,0,4,0,0,0,0,0
4,5,1133,6,4,3,0,0,4,0,0
4,5,1134,4,4,1,0,0,4,0,0
4,5,1135,5,1,5,0,0,1,0,0
4,5,1136,5,4,2,0,0,4,0,0
4,5,1137,4,3,2,0,0,3,0,0
4,5,1138,5,2,4,0,0,2,0,0
4,5,1139,5,3,3,0,0,3,0,0
4,5,1140,5,4,2,0,0,4,0,0
4,5,1141,6,3,4,0,0,3,0,0
4,5,1142,5,2,4,0,0,2,0,0
4,5,1143,6,4,3,0,0,4,0,0
4,5,1144,5,4,2,0,0,4,0,0
4,5,1145,3,0,4,0,0,0,0,0
4,5,1146,3,1,3,0,0,1,0,0
4,5,1147,3,3,1,0,0,3,0,0
4,5,1148,3,3,1,0,0,3,0,0
4,5,1149,4,4,1,0,0,4,0,0
5,0,1150,8,0,9,2,0,0,2,0
5,0,1151,10,0,11,3,0,0,3,0
5,0,1152,13,0,14,4,0,0,4,0
5,0,1153,12,0,13,4,0,0,6,0
5,0,1154,5,1,5,3,0,1,1,0
5,0,1155,10,1,10,3,0,1,3,0
5,0,1156,7,0,8,4,0,0,2,0
5,0,1157,7,0,8,1,0,0,1,0
5,0,1158,12,1,12,3,0,1,6,0
5,0,1159,8,1,8,1,0,1,6,0
5,0,1160,6,0,7,4,0,0,6,0
5,0,1161,5,0,6,4,0,0,1,0
5,0,1162,7,0,8,2,0,0,1,0
5,0,1163,2,2,1,1,0,2,1,0
5,0,1164,4,0,5,1,0,0,0,0
5,0,1165,11,1,11,2,0,1,0,0
5,0,1166,9,0,10,4,0,0,6,0
5,0,1167,9,0,10,4,0,0,2,0
5,0,1168,10,2,9,1,0,2,2,0
5,0,1169,13,0,14,3,0,0,6,0
5,0,1170,4,1,4,3,0,1,1,0
5,0,1171,4,0,5,4,0,0,2,0
5,0,1172,5,0,6,2,0,0,2,0
5,0,1173,7,0,8,4,0,0,2,0
5,0,1174,4,1,4,2,0,1,1,0
5,0,1175,6,0,7,1,0,0,2,0
5,0,1176,7,2,6,2,0,2,0,0
5,0,1177,8,0,9,4,0,0,1,0
5,0,1178,7,0,8,4,0,0,7,0
5,0,1179,4,0,5,4,0,0,1,0
5,0,1180,8,1,8,2,0,1,3,0
5,0,1181,7,1,7,2,0,1,2,0
5,0,1182,7,0,8,3,0,0,2,0
5,0,1183,5,2,4,1,0,2,1,0
5,0,1184,7,0,8,0,0,0,6,0
5,0,1185,5,2,4,1,0,2,2,0
5,0,1186,10,0,11,3,0,0,6,0
5,0,1187,7,0,8,2,0,0,7,0
5,0,1188,5,1,5,3,0,1,2,0
5,0,1189,7,1,7,3,0,1,6,0
5,0,1190,10,1,10,2,0,1,6,0
5,0,1191,10,0,11,2,0,0,3,0
5,0,1192,8,1,8,0,0,1,2,0
5,0,1193,6,0,7,2,0,0,3,0
5,0,1194,9,0,10,2,0,0,3,0
5,0,1195,8,0,9,4,0,0,6,0
5,0,1196,3,0,4,1,0,0,4,0
5,0,1197,7,2,6,1,0,2,3,0
5,0,1198,5,0,6,4,0,0,2,0
5,0,1199,8,0,9,2,0,0,4,0
5,1,1200,6,4,3,0,0,4,0,0
5,1,1201,5,2,4,0,0,2,0,0
5,1,1202,5,2,4,0,0,2,0,0
5,1,1203,4,1,4,0,0,1,0,0
5,1,1204,6,4,3,0,0,4,0,0
5,1,1205,6,3,4,0,0,3,0,0
5,1,1206,4,1,4,0,0,1,0,0
5,1,1207,3,3,1,0,0,3,0,0
5,1,1208,4,4,1,0,0,4,0,0
5,1,1209,5,2,4,0,0,2,0,0
5,1,1210,3,4,0,0,0,4,0,0
5,1,1211,2,3,0,0,0,3,0,0
5,1,1212,5,4,2,0,0,4,0,0
5,1,1213,1,2,0,0,0,2,0,0
5,1,1214,5,2,4,0,0,2,0,0
5,1,1215,4,1,4,0,0,1,0,0
5,1,1216,5,3,3,0,0,3,0,0
5,1,1217,3,4,0,0,0,4,0,0
5,1,1218,6,4,3,0,0,4,0,0
5,1,1219,6,3,4,0,0,3,0,0
5,1,1220,4,0,5,0,0,0,0,0
5,1,1221,6,3,4,0,0,3,0,0
5,1,1222,8,4,5,0,0,4,0,0
5,1,1223,5,4,2,0,0,4,0,0
5,1,1224,6,4,3,0,0,4,0,0
5,1,1225,5,4,2,0,0,4,0,0
5,1,1226,4,4,1,0,0,4,0,0
5,1,1227,2,3,0,0,0,3,0,0
5,1,1228,6,3,4,0,0,3,0,0
5,1,1229,5,3,3,0,0,3,0,0
5,1,1230,4,1,4,0,0,1,0,0
5,1,1231,6,4,3,0,0,4,0,0
5,1,1232,5,4,2,0,0,4,0,0
5,1,1233,3,0,4,0,0,0,0,0
5,1,1234,6,4,3,0,0,4,0,0
5,1,1235,4,4,1,0,0,4,0,0
5,1,1236,6,4,3,0,0,4,0,0
5,1,1237,4,3,2,0,0,3,0,0
5,1,1238,4,1,4,0,0,1,0,0
5,1,1239,3,3,1,0,0,3,0,0
5,1,1240,3,3,1,0,0,3,0,0
5,1,1241,7,3,5,0,0,3,0,0
5,1,1242,4,2,3,0,0,2,0,0
5,1,1243,4,4,1,0,0,4,0,0
5,1,1244,6,4,3,0,0,4,0,0
5,1,1245,6,4,3,0,0,4,0,0
5,1,1246,4,4,1,0,0,4,0,0
5,1,1247,3,0,4,0,0,0,0,0
5,1,1248,3,2,2,0,0,2,0,0
5,1,1249,6,4,3,0,0,4,0,0
5,2,1250,2,2,1,0,0,2,0,0
5,2,1251,2,3,0,0,0,3,0,0
5,2,1252,3,3,1,0,0,3,0,0
5,2,1253,3,3,1,0,0,3,0,0
5,2,1254,2,0,3,0,0,0,0,0
5,2,1255,3,3,1,0,0,3,0,0
5,2,1256,3,3,1,0,0,3,0,0
5,2,1257,4,3,2,0,0,3,0,0
5,2,1258,2,2,1,0,0,2,0,0
5,2,1259,3,3,1,0,0,3,0,0
5,2,1260,3,3,1,0,0,3,0,0
5,2,1261,5,4,2,0,0,4,0,0
5,2,1262,4,3,2,0,0,3,0,0
5,2,1263,4,3,2,0,0,3,0,0
5,2,1264,1,1,1,0,0,1,0,0
5,2,1265,3,3,1,0,0,3,0,0
5,2,1266,2,1,2,0,0,1,0,0
5,2,1267,2,0,3,0,0,0,0,0
5,2,1268,6,4,3,0,0,4,0,0
5,2,1269,2,3,0,0,0,3,0,0
5,2,1270,4,1,4,0,0,1,0,0
5,2,1271,4,3,2,0,0,3,0,0
5,2,1272,2,3,0,0,0,3,0,0
5,2,1273,4,3,2,0,0,3,0,0
5,2,1274,3,3,1,0,0,3,0,0
5,2,1275,3,2,2,0,0,2,0,0
5,2,1276,4,4,1,0,0,4,0,0
5,2,1277,4,2,3,0,0,2,0,0
5,2,1278,4,4,1,0,0,4,0,0
5,2,1279,2,2,1,0,0,2,0,0
5,2,1280,2,2,1,0,0,2,0,0
5,2,1281,2,1,2,0,0,1,0,0
5,2,1282,3,3,1,0,0,3,0,0
5,2,1283,1,2,0,0,0,2,0,0
5,2,1284,1,2,0,0,0,2,0,0
5,2,1285,3,3,1,0,0,3,0,0
5,2,1286,3,2,2,0,0,2,0,0
5,2,1287,3,3,1,0,0,3,0,0
5,2,1288,3,3,1,0,0,3,0,0
5,2,1289,5,4,2,0,0,4,0,0
5,2,1290,5,3,3,0,0,3,0,0
5,2,1291,3,1,3,0,0,1,0,0
5,2,1292,4,1,4,0,0,1,0,0
5,2,1293,4,1,4,0,0,1,0,0
5,2,1294,5,3,3,0,0,3,0,0
5,2,1295,6,4,3,0,0,4,0,0
5,2,1296,5,3,3,0,0,3,0,0
5,2,1297,4,1,4,0,0,1,0,0
5,2,1298,3,3,1,0,0,3,0,0
5,2,1299,3,3,1,0,0,3,0,0
5,3,1300,3,2,2,0,0,2,0,0
5,3,1301,4,3,2,0,0,3,0,0
5,3,1302,4,3,2,0,0,3,0,0
5,3,1303,2,3,0,0,0,3,0,0
5,3,1304,5,3,3,0,0,3,0,0
5,3,1305,4,2,3,0,0,2,0,0
5,3,1306,2,1,2,0,0,1,0,0
5,3,1307,1,2,0,0,0,2,0,0
5,3,1308,3,3,1,0,0,3,0,0
5,3,1309,3,4,0,0,0,4,0,0
5,3,1310,2,3,0,0,0,3,0,0
5,3,1311,4,3,2,0,0,3,0,0
5,3,1312,4,2,3,0,0,2,0,0
5,3,1313,4,3,2,0,0,3,0,0
5,3,1314,1,2,0,0,0,2,0,0
5,3,1315,3,4,0,0,0,4,0,0
5,3,1316,1,2,0,0,0,2,0,0
5,3,1317,2,3,0,0,0,3,0,0
5,3,1318,3,1,3,0,0,1,0,0
5,3,1319,4,2,3,0,0,2,0,0
5,3,1320,4,1,4,0,0,1,0,0
5,3,1321,1,2,0,0,0,2,0,0
5,3,1322,4,3,2,0,0,3,0,0
5,3,1323,3,2,2,0,0,2,0,0
5,3,1324,3,3,1,0,0,3,0,0
5,3,1325,2,3,0,0,0,3,0,0
5,3,1326,2,3,0,0,0,3,0,0
5,3,1327,3,3,1,0,0,3,0,0
5,3,1328,2,3,0,0,0,3,0,0
5,3,1329,3,1,3,0,0,1,0,0
5,3,1330,4,3,2,0,0,3,0,0
5,3,1331,2,3,0,0,0,3,0,0
5,3,1332,3,1,3,0,0,1,0,0
5,3,1333,2,0,3,0,0,0,0,0
5,3,1334,3,4,0,0,0,4,0,0
5,3,1335,2,2,1,0,0,2,0,0
5,3,1336,3,3,1,0,0,3,0,0
5,3,1337,1,2,0,0,0,2,0,0
5,3,1338,2,2,1,0,0,2,0,0
5,3,1339,2,3,0,0,0,3,0,0
5,3,1340,1,2,0,0,0,2,0,0
5,3,1341,4,1,4,0,0,1,0,0
5,3,1342,5,2,4,0,0,2,0,0
5,3,1343,4,2,3,0,0,2,0,0
5,3,1344,3,3,1,0,0,3,0,0
5,3,1345,2,0,3,0,0,0,0,0
5,3,1346,3,2,2,0,0,2,0,0
5,3,1347,3,3,1,0,0,3,0,0
5,3,1348,4,3,2,0,0,3,0,0
5,3,1349,4,3,2,0,0,3,0,0
5,4,1350,4,4,1,0,0,4,0,0
5,4,1351,6,3,4,0,0,3,0,0
5,4,1352,6,4,3,0,0,4,0,0
5,4,1353,4,3,2,0,0,3,0,0
5,4,1354,6,3,4,0,0,3,0,0
5,4,1355,5,2,4,0,0,2,0,0
5,4,1356,4,1,4,0,0,1,0,0
5,4,1357,3,0,4,0,0,0,0,0
5,4,1358,5,2,4,0,0,2,0,0
5,4,1359,2,0,3,0,0,0,0,0
5,4,1360,3,0,4,0,0,0,0,0
5,4,1361,4,1,4,0,0,1,0,0
5,4,1362,3,4,0,0,0,4,0,0
5,4,1363,5,4,2,0,0,4,0,0
5,4,1364,5,2,4,0,0,2,0,0
5,4,1365,6,4,3,0,0,4,0,0
5,4,1366,6,3,4,0,0,3,0,0
5,4,1367,5,4,2,0,0,4,0,0
5,4,1368,4,4,1,0,0,4,0,0
5,4,1369,3,0,4,0,0,0,0,0
5,4,1370,3,1,3,0,0,1,0,0
5,4,1371,4,4,1,0,0,4,0,0
5,4,1372,2,3,0,0,0,3,0,0
5,4,1373,4,2,3,0,0,2,0,0
5,4,1374,2,3,0,0,0,3,0,0
5,4,1375,5,2,4,0,0,2,0,0
5,4,1376,5,2,4,0,0,2,0,0
5,4,1377,5,2,4,0,0,2,0,0
5,4,1378,4,2,3,0,0,2,0,0
5,4,1379,5,2,4,0,0,2,0,0
5,4,1380,3,3,1,0,0,3,0,0
5,4,1381,5,4,2,0,0,4,0,0
5,4,1382,4,4,1,0,0,4,0,0
5,4,1383,3,0,4,0,0,0,0,0
5,4,1384,4,3,2,0,0,3,0,0
5,4,1385,6,3,4,0,0,3,0,0
5,4,1386,4,4,1,0,0,4,0,0
5,4,1387,6,4,3,0,0,4,0,0
5,4,1388,4,4,1,0,0,4,0,0
5,4,1389,4,2,3,0,0,2,0,0
5,4,1390,2,0,3,0,0,0,0,0
5,4,1391,5,2,4,0,0,2,0,0
5,4,1392,3,1,3,0,0,1,0,0
5,4,1393,10,4,7,0,0,4,0,0
5,4,1394,6,3,4,0,0,3,0,0
5,4,1395,6,4,3,0,0,4,0,0
5,4,1396,5,2,4,0,0,2,0,0
5,4,1397,4,2,3,0,0,2,0,0
5,4,1398,5,2,4,0,0,2,0,0
5,4,1399,6,4,3,0,0,4,0,0
