ID,p3,p4,p5,p6,winRate
0, 0.000000, 0.000000, 0.000000, 1.000000, 0.6994
1, 0.000000, 0.000000, 0.100000, 0.900000, 0.7002
2, 0.000000, 0.000000, 0.200000, 0.800000, 0.711
3, 0.000000, 0.000000, 0.300000, 0.700000, 0.7106
4, 0.000000, 0.000000, 0.400000, 0.600000, 0.7104
5, 0.000000, 0.000000, 0.500000, 0.500000, 0.7094
6, 0.000000, 0.000000, 0.600000, 0.400000, 0.7012
7, 0.000000, 0.000000, 0.700000, 0.300000, 0.7006
8, 0.000000, 0.000000, 0.800000, 0.200000, 0.6886
9, 0.000000, 0.000000, 0.900000, 0.100000, 0.683
10, 0.000000, 0.000000, 1.000000, 0.000000, 0.6704
11, 0.000000, 0.100000, 0.000000, 1.000000, 0.7032
12, 0.000000, 0.100000, 0.100000, 0.900000, 0.7184
13, 0.000000, 0.100000, 0.200000, 0.800000, 0.7064
14, 0.000000, 0.100000, 0.300000, 0.700000, 0.7194
15, 0.000000, 0.100000, 0.400000, 0.600000, 0.713
16, 0.000000, 0.100000, 0.500000, 0.500000, 0.7282
17, 0.000000, 0.100000, 0.600000, 0.400000, 0.7232
18, 0.000000, 0.100000, 0.700000, 0.300000, 0.7
19, 0.000000, 0.100000, 0.800000, 0.200000, 0.694
20, 0.000000, 0.100000, 0.900000, 0.100000, 0.6898
21, 0.000000, 0.100000, 1.000000, 0.000000, 0.6724
22, 0.000000, 0.200000, 0.000000, 1.000000, 0.6982
23, 0.000000, 0.200000, 0.100000, 0.900000, 0.716
24, 0.000000, 0.200000, 0.200000, 0.800000, 0.7096
25, 0.000000, 0.200000, 0.300000, 0.700000, 0.728
26, 0.000000, 0.200000, 0.400000, 0.600000, 0.723
27, 0.000000, 0.200000, 0.500000, 0.500000, 0.7272
28, 0.000000, 0.200000, 0.600000, 0.400000, 0.719
29, 0.000000, 0.200000, 0.700000, 0.300000, 0.7014
30, 0.000000, 0.200000, 0.800000, 0.200000, 0.6966
31, 0.000000, 0.200000, 0.900000, 0.100000, 0.6792
32, 0.000000, 0.200000, 1.000000, 0.000000, 0.6694
33, 0.000000, 0.300000, 0.000000, 1.000000, 0.7122
34, 0.000000, 0.300000, 0.100000, 0.900000, 0.705
35, 0.000000, 0.300000, 0.200000, 0.800000, 0.7152
36, 0.000000, 0.300000, 0.300000, 0.700000, 0.7166
37, 0.000000, 0.300000, 0.400000, 0.600000, 0.7262
38, 0.000000, 0.300000, 0.500000, 0.500000, 0.7176
39, 0.000000, 0.300000, 0.600000, 0.400000, 0.7176
40, 0.000000, 0.300000, 0.700000, 0.300000, 0.7086
41, 0.000000, 0.300000, 0.800000, 0.200000, 0.6842
42, 0.000000, 0.300000, 0.900000, 0.100000, 0.683
43, 0.000000, 0.300000, 1.000000, 0.000000, 0.6764
44, 0.000000, 0.400000, 0.000000, 1.000000, 0.7104
45, 0.000000, 0.400000, 0.100000, 0.900000, 0.7108
46, 0.000000, 0.400000, 0.200000, 0.800000, 0.715
47, 0.000000, 0.400000, 0.300000, 0.700000, 0.7166
48, 0.000000, 0.400000, 0.400000, 0.600000, 0.7192
49, 0.000000, 0.400000, 0.500000, 0.500000, 0.71
50, 0.000000, 0.400000, 0.600000, 0.400000, 0.7088
51, 0.000000, 0.400000, 0.700000, 0.300000, 0.7102
52, 0.000000, 0.400000, 0.800000, 0.200000, 0.6944
53, 0.000000, 0.400000, 0.900000, 0.100000, 0.6914
54, 0.000000, 0.400000, 1.000000, 0.000000, 0.672
55, 0.000000, 0.500000, 0.000000, 1.000000, 0.7036
56, 0.000000, 0.500000, 0.100000, 0.900000, 0.7026
57, 0.000000, 0.500000, 0.200000, 0.800000, 0.714
58, 0.000000, 0.500000, 0.300000, 0.700000, 0.7252
59, 0.000000, 0.500000, 0.400000, 0.600000, 0.7132
60, 0.000000, 0.500000, 0.500000, 0.500000, 0.7306
61, 0.000000, 0.500000, 0.600000, 0.400000, 0.7226
62, 0.000000, 0.500000, 0.700000, 0.300000, 0.7008
63, 0.000000, 0.500000, 0.800000, 0.200000, 0.701
64, 0.000000, 0.500000, 0.900000, 0.100000, 0.6968
65, 0.000000, 0.500000, 1.000000, 0.000000, 0.6756
66, 0.000000, 0.600000, 0.000000, 1.000000, 0.7166
67, 0.000000, 0.600000, 0.100000, 0.900000, 0.7128
68, 0.000000, 0.600000, 0.200000, 0.800000, 0.7102
69, 0.000000, 0.600000, 0.300000, 0.700000, 0.722
70, 0.000000, 0.600000, 0.400000, 0.600000, 0.7136
71, 0.000000, 0.600000, 0.500000, 0.500000, 0.7218
72, 0.000000, 0.600000, 0.600000, 0.400000, 0.7226
73, 0.000000, 0.600000, 0.700000, 0.300000, 0.7102
74, 0.000000, 0.600000, 0.800000, 0.200000, 0.6788
75, 0.000000, 0.600000, 0.900000, 0.100000, 0.6912
76, 0.000000, 0.600000, 1.000000, 0.000000, 0.6706
77, 0.000000, 0.700000, 0.000000, 1.000000, 0.699
78, 0.000000, 0.700000, 0.100000, 0.900000, 0.7072
79, 0.000000, 0.700000, 0.200000, 0.800000, 0.7202
80, 0.000000, 0.700000, 0.300000, 0.700000, 0.7156
81, 0.000000, 0.700000, 0.400000, 0.600000, 0.7254
82, 0.000000, 0.700000, 0.500000, 0.500000, 0.7286
83, 0.000000, 0.700000, 0.600000, 0.400000, 0.714
84, 0.000000, 0.700000, 0.700000, 0.300000, 0.7076
85, 0.000000, 0.700000, 0.800000, 0.200000, 0.7016
86, 0.000000, 0.700000, 0.900000, 0.100000, 0.69
87, 0.000000, 0.700000, 1.000000, 0.000000, 0.68
88, 0.000000, 0.800000, 0.000000, 1.000000, 0.6954
89, 0.000000, 0.800000, 0.100000, 0.900000, 0.7096
90, 0.000000, 0.800000, 0.200000, 0.800000, 0.7072
91, 0.000000, 0.800000, 0.300000, 0.700000, 0.7162
92, 0.000000, 0.800000, 0.400000, 0.600000, 0.7194
93, 0.000000, 0.800000, 0.500000, 0.500000, 0.7352
94, 0.000000, 0.800000, 0.600000, 0.400000, 0.7078
95, 0.000000, 0.800000, 0.700000, 0.300000, 0.7214
96, 0.000000, 0.800000, 0.800000, 0.200000, 0.695
97, 0.000000, 0.800000, 0.900000, 0.100000, 0.6756
98, 0.000000, 0.800000, 1.000000, 0.000000, 0.6708
99, 0.000000, 0.900000, 0.000000, 1.000000, 0.7078
100, 0.000000, 0.900000, 0.100000, 0.900000, 0.7204
101, 0.000000, 0.900000, 0.200000, 0.800000, 0.7108
102, 0.000000, 0.900000, 0.300000, 0.700000, 0.7206
103, 0.000000, 0.900000, 0.400000, 0.600000, 0.7168
104, 0.000000, 0.900000, 0.500000, 0.500000, 0.7124
105, 0.000000, 0.900000, 0.600000, 0.400000, 0.7184
106, 0.000000, 0.900000, 0.700000, 0.300000, 0.7162
107, 0.000000, 0.900000, 0.800000, 0.200000, 0.696
108, 0.000000, 0.900000, 0.900000, 0.100000, 0.6916
109, 0.000000, 0.900000, 1.000000, 0.000000, 0.6756
110, 0.000000, 1.000000, 0.000000, 1.000000, 0.7184
111, 0.000000, 1.000000, 0.100000, 0.900000, 0.7222
112, 0.000000, 1.000000, 0.200000, 0.800000, 0.7282
113, 0.000000, 1.000000, 0.300000, 0.700000, 0.7248
114, 0.000000, 1.000000, 0.400000, 0.600000, 0.7194
115, 0.000000, 1.000000, 0.500000, 0.500000, 0.7284
116, 0.000000, 1.000000, 0.600000, 0.400000, 0.7232
117, 0.000000, 1.000000, 0.700000, 0.300000, 0.7118
118, 0.000000, 1.000000, 0.800000, 0.200000, 0.7
119, 0.000000, 1.000000, 0.900000, 0.100000, 0.6856
120, 0.000000, 1.000000, 1.000000, 0.000000, 0.6636
121, 0.050000, 0.000000, 0.000000, 1.000000, 0.7024
122, 0.050000, 0.000000, 0.100000, 0.900000, 0.7252
123, 0.050000, 0.000000, 0.200000, 0.800000, 0.7136
124, 0.050000, 0.000000, 0.300000, 0.700000, 0.7178
125, 0.050000, 0.000000, 0.400000, 0.600000, 0.7172
126, 0.050000, 0.000000, 0.500000, 0.500000, 0.72
127, 0.050000, 0.000000, 0.600000, 0.400000, 0.7168
128, 0.050000, 0.000000, 0.700000, 0.300000, 0.7142
129, 0.050000, 0.000000, 0.800000, 0.200000, 0.6838
130, 0.050000, 0.000000, 0.900000, 0.100000, 0.6832
131, 0.050000, 0.000000, 1.000000, 0.000000, 0.6784
132, 0.050000, 0.100000, 0.000000, 1.000000, 0.7038
133, 0.050000, 0.100000, 0.100000, 0.900000, 0.7096
134, 0.050000, 0.100000, 0.200000, 0.800000, 0.7232
135, 0.050000, 0.100000, 0.300000, 0.700000, 0.7254
136, 0.050000, 0.100000, 0.400000, 0.600000, 0.7226
137, 0.050000, 0.100000, 0.500000, 0.500000, 0.7136
138, 0.050000, 0.100000, 0.600000, 0.400000, 0.718
139, 0.050000, 0.100000, 0.700000, 0.300000, 0.709
140, 0.050000, 0.100000, 0.800000, 0.200000, 0.6952
141, 0.050000, 0.100000, 0.900000, 0.100000, 0.6898
142, 0.050000, 0.100000, 1.000000, 0.000000, 0.6702
143, 0.050000, 0.200000, 0.000000, 1.000000, 0.7036
144, 0.050000, 0.200000, 0.100000, 0.900000, 0.7008
145, 0.050000, 0.200000, 0.200000, 0.800000, 0.7144
146, 0.050000, 0.200000, 0.300000, 0.700000, 0.7206
147, 0.050000, 0.200000, 0.400000, 0.600000, 0.716
148, 0.050000, 0.200000, 0.500000, 0.500000, 0.7286
149, 0.050000, 0.200000, 0.600000, 0.400000, 0.7256
150, 0.050000, 0.200000, 0.700000, 0.300000, 0.7032
151, 0.050000, 0.200000, 0.800000, 0.200000, 0.6992
152, 0.050000, 0.200000, 0.900000, 0.100000, 0.6886
153, 0.050000, 0.200000, 1.000000, 0.000000, 0.679
154, 0.050000, 0.300000, 0.000000, 1.000000, 0.71
155, 0.050000, 0.300000, 0.100000, 0.900000, 0.6986
156, 0.050000, 0.300000, 0.200000, 0.800000, 0.6964
157, 0.050000, 0.300000, 0.300000, 0.700000, 0.7128
158, 0.050000, 0.300000, 0.400000, 0.600000, 0.714
159, 0.050000, 0.300000, 0.500000, 0.500000, 0.7148
160, 0.050000, 0.300000, 0.600000, 0.400000, 0.7224
161, 0.050000, 0.300000, 0.700000, 0.300000, 0.7062
162, 0.050000, 0.300000, 0.800000, 0.200000, 0.7034
163, 0.050000, 0.300000, 0.900000, 0.100000, 0.686
164, 0.050000, 0.300000, 1.000000, 0.000000, 0.6724
165, 0.050000, 0.400000, 0.000000, 1.000000, 0.6904
166, 0.050000, 0.400000, 0.100000, 0.900000, 0.7062
167, 0.050000, 0.400000, 0.200000, 0.800000, 0.711
168, 0.050000, 0.400000, 0.300000, 0.700000, 0.7208
169, 0.050000, 0.400000, 0.400000, 0.600000, 0.73
170, 0.050000, 0.400000, 0.500000, 0.500000, 0.7328
171, 0.050000, 0.400000, 0.600000, 0.400000, 0.708
172, 0.050000, 0.400000, 0.700000, 0.300000, 0.7074
173, 0.050000, 0.400000, 0.800000, 0.200000, 0.7004
174, 0.050000, 0.400000, 0.900000, 0.100000, 0.6792
175, 0.050000, 0.400000, 1.000000, 0.000000, 0.6776
176, 0.050000, 0.500000, 0.000000, 1.000000, 0.6944
177, 0.050000, 0.500000, 0.100000, 0.900000, 0.7088
178, 0.050000, 0.500000, 0.200000, 0.800000, 0.7168
179, 0.050000, 0.500000, 0.300000, 0.700000, 0.715
180, 0.050000, 0.500000, 0.400000, 0.600000, 0.7136
181, 0.050000, 0.500000, 0.500000, 0.500000, 0.7288
182, 0.050000, 0.500000, 0.600000, 0.400000, 0.7262
183, 0.050000, 0.500000, 0.700000, 0.300000, 0.7058
184, 0.050000, 0.500000, 0.800000, 0.200000, 0.6916
185, 0.050000, 0.500000, 0.900000, 0.100000, 0.683
186, 0.050000, 0.500000, 1.000000, 0.000000, 0.6774
187, 0.050000, 0.600000, 0.000000, 1.000000, 0.6986
188, 0.050000, 0.600000, 0.100000, 0.900000, 0.7214
189, 0.050000, 0.600000, 0.200000, 0.800000, 0.718
190, 0.050000, 0.600000, 0.300000, 0.700000, 0.709
191, 0.050000, 0.600000, 0.400000, 0.600000, 0.7302
192, 0.050000, 0.600000, 0.500000, 0.500000, 0.7252
193, 0.050000, 0.600000, 0.600000, 0.400000, 0.7136
194, 0.050000, 0.600000, 0.700000, 0.300000, 0.7022
195, 0.050000, 0.600000, 0.800000, 0.200000, 0.6946
196, 0.050000, 0.600000, 0.900000, 0.100000, 0.6958
197, 0.050000, 0.600000, 1.000000, 0.000000, 0.6694
198, 0.050000, 0.700000, 0.000000, 1.000000, 0.7008
199, 0.050000, 0.700000, 0.100000, 0.900000, 0.7138
200, 0.050000, 0.700000, 0.200000, 0.800000, 0.7274
201, 0.050000, 0.700000, 0.300000, 0.700000, 0.7028
202, 0.050000, 0.700000, 0.400000, 0.600000, 0.723
203, 0.050000, 0.700000, 0.500000, 0.500000, 0.727
204, 0.050000, 0.700000, 0.600000, 0.400000, 0.7176
205, 0.050000, 0.700000, 0.700000, 0.300000, 0.7196
206, 0.050000, 0.700000, 0.800000, 0.200000, 0.6892
207, 0.050000, 0.700000, 0.900000, 0.100000, 0.685
208, 0.050000, 0.700000, 1.000000, 0.000000, 0.6728
209, 0.050000, 0.800000, 0.000000, 1.000000, 0.705
210, 0.050000, 0.800000, 0.100000, 0.900000, 0.7072
211, 0.050000, 0.800000, 0.200000, 0.800000, 0.7158
212, 0.050000, 0.800000, 0.300000, 0.700000, 0.719
213, 0.050000, 0.800000, 0.400000, 0.600000, 0.7194
214, 0.050000, 0.800000, 0.500000, 0.500000, 0.7138
215, 0.050000, 0.800000, 0.600000, 0.400000, 0.7168
216, 0.050000, 0.800000, 0.700000, 0.300000, 0.7122
217, 0.050000, 0.800000, 0.800000, 0.200000, 0.6892
218, 0.050000, 0.800000, 0.900000, 0.100000, 0.6816
219, 0.050000, 0.800000, 1.000000, 0.000000, 0.6704
220, 0.050000, 0.900000, 0.000000, 1.000000, 0.7106
221, 0.050000, 0.900000, 0.100000, 0.900000, 0.7126
222, 0.050000, 0.900000, 0.200000, 0.800000, 0.729
223, 0.050000, 0.900000, 0.300000, 0.700000, 0.7156
224, 0.050000, 0.900000, 0.400000, 0.600000, 0.724
225, 0.050000, 0.900000, 0.500000, 0.500000, 0.7228
226, 0.050000, 0.900000, 0.600000, 0.400000, 0.7188
227, 0.050000, 0.900000, 0.700000, 0.300000, 0.7092
228, 0.050000, 0.900000, 0.800000, 0.200000, 0.7126
229, 0.050000, 0.900000, 0.900000, 0.100000, 0.68
230, 0.050000, 0.900000, 1.000000, 0.000000, 0.6748
231, 0.050000, 1.000000, 0.000000, 1.000000, 0.709
232, 0.050000, 1.000000, 0.100000, 0.900000, 0.7064
233, 0.050000, 1.000000, 0.200000, 0.800000, 0.7156
234, 0.050000, 1.000000, 0.300000, 0.700000, 0.724
235, 0.050000, 1.000000, 0.400000, 0.600000, 0.72
236, 0.050000, 1.000000, 0.500000, 0.500000, 0.7118
237, 0.050000, 1.000000, 0.600000, 0.400000, 0.7288
238, 0.050000, 1.000000, 0.700000, 0.300000, 0.701
239, 0.050000, 1.000000, 0.800000, 0.200000, 0.7024
240, 0.050000, 1.000000, 0.900000, 0.100000, 0.6828
241, 0.050000, 1.000000, 1.000000, 0.000000, 0.667
242, 0.100000, 0.000000, 0.000000, 1.000000, 0.695
243, 0.100000, 0.000000, 0.100000, 0.900000, 0.7106
244, 0.100000, 0.000000, 0.200000, 0.800000, 0.7142
245, 0.100000, 0.000000, 0.300000, 0.700000, 0.71
246, 0.100000, 0.000000, 0.400000, 0.600000, 0.7234
247, 0.100000, 0.000000, 0.500000, 0.500000, 0.7116
248, 0.100000, 0.000000, 0.600000, 0.400000, 0.7156
249, 0.100000, 0.000000, 0.700000, 0.300000, 0.7054
250, 0.100000, 0.000000, 0.800000, 0.200000, 0.695
251, 0.100000, 0.000000, 0.900000, 0.100000, 0.6868
252, 0.100000, 0.000000, 1.000000, 0.000000, 0.6824
253, 0.100000, 0.100000, 0.000000, 1.000000, 0.7002
254, 0.100000, 0.100000, 0.100000, 0.900000, 0.711
255, 0.100000, 0.100000, 0.200000, 0.800000, 0.6994
256, 0.100000, 0.100000, 0.300000, 0.700000, 0.7192
257, 0.100000, 0.100000, 0.400000, 0.600000, 0.7192
258, 0.100000, 0.100000, 0.500000, 0.500000, 0.7222
259, 0.100000, 0.100000, 0.600000, 0.400000, 0.7064
260, 0.100000, 0.100000, 0.700000, 0.300000, 0.7066
261, 0.100000, 0.100000, 0.800000, 0.200000, 0.6946
262, 0.100000, 0.100000, 0.900000, 0.100000, 0.6778
263, 0.100000, 0.100000, 1.000000, 0.000000, 0.665
264, 0.100000, 0.200000, 0.000000, 1.000000, 0.7
265, 0.100000, 0.200000, 0.100000, 0.900000, 0.7048
266, 0.100000, 0.200000, 0.200000, 0.800000, 0.7292
267, 0.100000, 0.200000, 0.300000, 0.700000, 0.7208
268, 0.100000, 0.200000, 0.400000, 0.600000, 0.7182
269, 0.100000, 0.200000, 0.500000, 0.500000, 0.7214
270, 0.100000, 0.200000, 0.600000, 0.400000, 0.7062
271, 0.100000, 0.200000, 0.700000, 0.300000, 0.706
272, 0.100000, 0.200000, 0.800000, 0.200000, 0.6922
273, 0.100000, 0.200000, 0.900000, 0.100000, 0.6858
274, 0.100000, 0.200000, 1.000000, 0.000000, 0.665
275, 0.100000, 0.300000, 0.000000, 1.000000, 0.688
276, 0.100000, 0.300000, 0.100000, 0.900000, 0.6966
277, 0.100000, 0.300000, 0.200000, 0.800000, 0.7186
278, 0.100000, 0.300000, 0.300000, 0.700000, 0.7202
279, 0.100000, 0.300000, 0.400000, 0.600000, 0.7144
280, 0.100000, 0.300000, 0.500000, 0.500000, 0.734
281, 0.100000, 0.300000, 0.600000, 0.400000, 0.723
282, 0.100000, 0.300000, 0.700000, 0.300000, 0.714
283, 0.100000, 0.300000, 0.800000, 0.200000, 0.7038
284, 0.100000, 0.300000, 0.900000, 0.100000, 0.6842
285, 0.100000, 0.300000, 1.000000, 0.000000, 0.686
286, 0.100000, 0.400000, 0.000000, 1.000000, 0.6862
287, 0.100000, 0.400000, 0.100000, 0.900000, 0.714
288, 0.100000, 0.400000, 0.200000, 0.800000, 0.719
289, 0.100000, 0.400000, 0.300000, 0.700000, 0.7174
290, 0.100000, 0.400000, 0.400000, 0.600000, 0.7288
291, 0.100000, 0.400000, 0.500000, 0.500000, 0.7186
292, 0.100000, 0.400000, 0.600000, 0.400000, 0.7202
293, 0.100000, 0.400000, 0.700000, 0.300000, 0.711
294, 0.100000, 0.400000, 0.800000, 0.200000, 0.6982
295, 0.100000, 0.400000, 0.900000, 0.100000, 0.6852
296, 0.100000, 0.400000, 1.000000, 0.000000, 0.6594
297, 0.100000, 0.500000, 0.000000, 1.000000, 0.7014
298, 0.100000, 0.500000, 0.100000, 0.900000, 0.7164
299, 0.100000, 0.500000, 0.200000, 0.800000, 0.7168
300, 0.100000, 0.500000, 0.300000, 0.700000, 0.7202
301, 0.100000, 0.500000, 0.400000, 0.600000, 0.7166
302, 0.100000, 0.500000, 0.500000, 0.500000, 0.7184
303, 0.100000, 0.500000, 0.600000, 0.400000, 0.7166
304, 0.100000, 0.500000, 0.700000, 0.300000, 0.7046
305, 0.100000, 0.500000, 0.800000, 0.200000, 0.7024
306, 0.100000, 0.500000, 0.900000, 0.100000, 0.6752
307, 0.100000, 0.500000, 1.000000, 0.000000, 0.6692
308, 0.100000, 0.600000, 0.000000, 1.000000, 0.6982
309, 0.100000, 0.600000, 0.100000, 0.900000, 0.7212
310, 0.100000, 0.600000, 0.200000, 0.800000, 0.7174
311, 0.100000, 0.600000, 0.300000, 0.700000, 0.7236
312, 0.100000, 0.600000, 0.400000, 0.600000, 0.7234
313, 0.100000, 0.600000, 0.500000, 0.500000, 0.7176
314, 0.100000, 0.600000, 0.600000, 0.400000, 0.7196
315, 0.100000, 0.600000, 0.700000, 0.300000, 0.7086
316, 0.100000, 0.600000, 0.800000, 0.200000, 0.693
317, 0.100000, 0.600000, 0.900000, 0.100000, 0.6846
318, 0.100000, 0.600000, 1.000000, 0.000000, 0.6792
319, 0.100000, 0.700000, 0.000000, 1.000000, 0.6954
320, 0.100000, 0.700000, 0.100000, 0.900000, 0.7084
321, 0.100000, 0.700000, 0.200000, 0.800000, 0.7184
322, 0.100000, 0.700000, 0.300000, 0.700000, 0.7166
323, 0.100000, 0.700000, 0.400000, 0.600000, 0.7228
324, 0.100000, 0.700000, 0.500000, 0.500000, 0.7122
325, 0.100000, 0.700000, 0.600000, 0.400000, 0.73
326, 0.100000, 0.700000, 0.700000, 0.300000, 0.7042
327, 0.100000, 0.700000, 0.800000, 0.200000, 0.696
328, 0.100000, 0.700000, 0.900000, 0.100000, 0.685
329, 0.100000, 0.700000, 1.000000, 0.000000, 0.6656
330, 0.100000, 0.800000, 0.000000, 1.000000, 0.7064
331, 0.100000, 0.800000, 0.100000, 0.900000, 0.7058
332, 0.100000, 0.800000, 0.200000, 0.800000, 0.7236
333, 0.100000, 0.800000, 0.300000, 0.700000, 0.7298
334, 0.100000, 0.800000, 0.400000, 0.600000, 0.7304
335, 0.100000, 0.800000, 0.500000, 0.500000, 0.7126
336, 0.100000, 0.800000, 0.600000, 0.400000, 0.716
337, 0.100000, 0.800000, 0.700000, 0.300000, 0.708
338, 0.100000, 0.800000, 0.800000, 0.200000, 0.7046
339, 0.100000, 0.800000, 0.900000, 0.100000, 0.6822
340, 0.100000, 0.800000, 1.000000, 0.000000, 0.662
341, 0.100000, 0.900000, 0.000000, 1.000000, 0.6998
342, 0.100000, 0.900000, 0.100000, 0.900000, 0.7094
343, 0.100000, 0.900000, 0.200000, 0.800000, 0.7156
344, 0.100000, 0.900000, 0.300000, 0.700000, 0.7254
345, 0.100000, 0.900000, 0.400000, 0.600000, 0.7238
346, 0.100000, 0.900000, 0.500000, 0.500000, 0.7182
347, 0.100000, 0.900000, 0.600000, 0.400000, 0.7156
348, 0.100000, 0.900000, 0.700000, 0.300000, 0.7112
349, 0.100000, 0.900000, 0.800000, 0.200000, 0.7062
350, 0.100000, 0.900000, 0.900000, 0.100000, 0.6918
351, 0.100000, 0.900000, 1.000000, 0.000000, 0.6708
352, 0.100000, 1.000000, 0.000000, 1.000000, 0.7092
353, 0.100000, 1.000000, 0.100000, 0.900000, 0.7192
354, 0.100000, 1.000000, 0.200000, 0.800000, 0.709
355, 0.100000, 1.000000, 0.300000, 0.700000, 0.7194
356, 0.100000, 1.000000, 0.400000, 0.600000, 0.7358
357, 0.100000, 1.000000, 0.500000, 0.500000, 0.7206
358, 0.100000, 1.000000, 0.600000, 0.400000, 0.7252
359, 0.100000, 1.000000, 0.700000, 0.300000, 0.721
360, 0.100000, 1.000000, 0.800000, 0.200000, 0.7056
361, 0.100000, 1.000000, 0.900000, 0.100000, 0.6834
362, 0.100000, 1.000000, 1.000000, 0.000000, 0.688
363, 0.150000, 0.000000, 0.000000, 1.000000, 0.6872
364, 0.150000, 0.000000, 0.100000, 0.900000, 0.7068
365, 0.150000, 0.000000, 0.200000, 0.800000, 0.7018
366, 0.150000, 0.000000, 0.300000, 0.700000, 0.706
367, 0.150000, 0.000000, 0.400000, 0.600000, 0.7236
368, 0.150000, 0.000000, 0.500000, 0.500000, 0.7018
369, 0.150000, 0.000000, 0.600000, 0.400000, 0.7082
370, 0.150000, 0.000000, 0.700000, 0.300000, 0.7074
371, 0.150000, 0.000000, 0.800000, 0.200000, 0.699
372, 0.150000, 0.000000, 0.900000, 0.100000, 0.6778
373, 0.150000, 0.000000, 1.000000, 0.000000, 0.6688
374, 0.150000, 0.100000, 0.000000, 1.000000, 0.7098
375, 0.150000, 0.100000, 0.100000, 0.900000, 0.719
376, 0.150000, 0.100000, 0.200000, 0.800000, 0.7078
377, 0.150000, 0.100000, 0.300000, 0.700000, 0.706
378, 0.150000, 0.100000, 0.400000, 0.600000, 0.7282
379, 0.150000, 0.100000, 0.500000, 0.500000, 0.7144
380, 0.150000, 0.100000, 0.600000, 0.400000, 0.7082
381, 0.150000, 0.100000, 0.700000, 0.300000, 0.699
382, 0.150000, 0.100000, 0.800000, 0.200000, 0.693
383, 0.150000, 0.100000, 0.900000, 0.100000, 0.6804
384, 0.150000, 0.100000, 1.000000, 0.000000, 0.6578
385, 0.150000, 0.200000, 0.000000, 1.000000, 0.689
386, 0.150000, 0.200000, 0.100000, 0.900000, 0.7082
387, 0.150000, 0.200000, 0.200000, 0.800000, 0.7078
388, 0.150000, 0.200000, 0.300000, 0.700000, 0.7244
389, 0.150000, 0.200000, 0.400000, 0.600000, 0.7168
390, 0.150000, 0.200000, 0.500000, 0.500000, 0.7192
391, 0.150000, 0.200000, 0.600000, 0.400000, 0.7118
392, 0.150000, 0.200000, 0.700000, 0.300000, 0.7092
393, 0.150000, 0.200000, 0.800000, 0.200000, 0.6838
394, 0.150000, 0.200000, 0.900000, 0.100000, 0.6774
395, 0.150000, 0.200000, 1.000000, 0.000000, 0.6698
396, 0.150000, 0.300000, 0.000000, 1.000000, 0.7012
397, 0.150000, 0.300000, 0.100000, 0.900000, 0.7066
398, 0.150000, 0.300000, 0.200000, 0.800000, 0.7162
399, 0.150000, 0.300000, 0.300000, 0.700000, 0.727
400, 0.150000, 0.300000, 0.400000, 0.600000, 0.7226
401, 0.150000, 0.300000, 0.500000, 0.500000, 0.7118
402, 0.150000, 0.300000, 0.600000, 0.400000, 0.7108
403, 0.150000, 0.300000, 0.700000, 0.300000, 0.702
404, 0.150000, 0.300000, 0.800000, 0.200000, 0.7068
405, 0.150000, 0.300000, 0.900000, 0.100000, 0.6812
406, 0.150000, 0.300000, 1.000000, 0.000000, 0.6758
407, 0.150000, 0.400000, 0.000000, 1.000000, 0.7064
408, 0.150000, 0.400000, 0.100000, 0.900000, 0.7116
409, 0.150000, 0.400000, 0.200000, 0.800000, 0.7134
410, 0.150000, 0.400000, 0.300000, 0.700000, 0.7144
411, 0.150000, 0.400000, 0.400000, 0.600000, 0.7234
412, 0.150000, 0.400000, 0.500000, 0.500000, 0.7294
413, 0.150000, 0.400000, 0.600000, 0.400000, 0.7186
414, 0.150000, 0.400000, 0.700000, 0.300000, 0.7074
415, 0.150000, 0.400000, 0.800000, 0.200000, 0.7006
416, 0.150000, 0.400000, 0.900000, 0.100000, 0.684
417, 0.150000, 0.400000, 1.000000, 0.000000, 0.671
418, 0.150000, 0.500000, 0.000000, 1.000000, 0.7134
419, 0.150000, 0.500000, 0.100000, 0.900000, 0.714
420, 0.150000, 0.500000, 0.200000, 0.800000, 0.7182
421, 0.150000, 0.500000, 0.300000, 0.700000, 0.7278
422, 0.150000, 0.500000, 0.400000, 0.600000, 0.7244
423, 0.150000, 0.500000, 0.500000, 0.500000, 0.7144
424, 0.150000, 0.500000, 0.600000, 0.400000, 0.7024
425, 0.150000, 0.500000, 0.700000, 0.300000, 0.6988
426, 0.150000, 0.500000, 0.800000, 0.200000, 0.698
427, 0.150000, 0.500000, 0.900000, 0.100000, 0.6848
428, 0.150000, 0.500000, 1.000000, 0.000000, 0.6706
429, 0.150000, 0.600000, 0.000000, 1.000000, 0.694
430, 0.150000, 0.600000, 0.100000, 0.900000, 0.709
431, 0.150000, 0.600000, 0.200000, 0.800000, 0.7228
432, 0.150000, 0.600000, 0.300000, 0.700000, 0.7244
433, 0.150000, 0.600000, 0.400000, 0.600000, 0.7346
434, 0.150000, 0.600000, 0.500000, 0.500000, 0.7124
435, 0.150000, 0.600000, 0.600000, 0.400000, 0.7156
436, 0.150000, 0.600000, 0.700000, 0.300000, 0.6996
437, 0.150000, 0.600000, 0.800000, 0.200000, 0.687
438, 0.150000, 0.600000, 0.900000, 0.100000, 0.6764
439, 0.150000, 0.600000, 1.000000, 0.000000, 0.6702
440, 0.150000, 0.700000, 0.000000, 1.000000, 0.71
441, 0.150000, 0.700000, 0.100000, 0.900000, 0.713
442, 0.150000, 0.700000, 0.200000, 0.800000, 0.7084
443, 0.150000, 0.700000, 0.300000, 0.700000, 0.7242
444, 0.150000, 0.700000, 0.400000, 0.600000, 0.717
445, 0.150000, 0.700000, 0.500000, 0.500000, 0.7174
446, 0.150000, 0.700000, 0.600000, 0.400000, 0.723
447, 0.150000, 0.700000, 0.700000, 0.300000, 0.7074
448, 0.150000, 0.700000, 0.800000, 0.200000, 0.6864
449, 0.150000, 0.700000, 0.900000, 0.100000, 0.6904
450, 0.150000, 0.700000, 1.000000, 0.000000, 0.6674
451, 0.150000, 0.800000, 0.000000, 1.000000, 0.6996
452, 0.150000, 0.800000, 0.100000, 0.900000, 0.701
453, 0.150000, 0.800000, 0.200000, 0.800000, 0.7276
454, 0.150000, 0.800000, 0.300000, 0.700000, 0.7218
455, 0.150000, 0.800000, 0.400000, 0.600000, 0.734
456, 0.150000, 0.800000, 0.500000, 0.500000, 0.7104
457, 0.150000, 0.800000, 0.600000, 0.400000, 0.7182
458, 0.150000, 0.800000, 0.700000, 0.300000, 0.7306
459, 0.150000, 0.800000, 0.800000, 0.200000, 0.6952
460, 0.150000, 0.800000, 0.900000, 0.100000, 0.6876
461, 0.150000, 0.800000, 1.000000, 0.000000, 0.6796
462, 0.150000, 0.900000, 0.000000, 1.000000, 0.7022
463, 0.150000, 0.900000, 0.100000, 0.900000, 0.7174
464, 0.150000, 0.900000, 0.200000, 0.800000, 0.7224
465, 0.150000, 0.900000, 0.300000, 0.700000, 0.7228
466, 0.150000, 0.900000, 0.400000, 0.600000, 0.7252
467, 0.150000, 0.900000, 0.500000, 0.500000, 0.7252
468, 0.150000, 0.900000, 0.600000, 0.400000, 0.7092
469, 0.150000, 0.900000, 0.700000, 0.300000, 0.6954
470, 0.150000, 0.900000, 0.800000, 0.200000, 0.6934
471, 0.150000, 0.900000, 0.900000, 0.100000, 0.6898
472, 0.150000, 0.900000, 1.000000, 0.000000, 0.6722
473, 0.150000, 1.000000, 0.000000, 1.000000, 0.6956
474, 0.150000, 1.000000, 0.100000, 0.900000, 0.7146
475, 0.150000, 1.000000, 0.200000, 0.800000, 0.7196
476, 0.150000, 1.000000, 0.300000, 0.700000, 0.7112
477, 0.150000, 1.000000, 0.400000, 0.600000, 0.7314
478, 0.150000, 1.000000, 0.500000, 0.500000, 0.7206
479, 0.150000, 1.000000, 0.600000, 0.400000, 0.7288
480, 0.150000, 1.000000, 0.700000, 0.300000, 0.7044
481, 0.150000, 1.000000, 0.800000, 0.200000, 0.6998
482, 0.150000, 1.000000, 0.900000, 0.100000, 0.6764
483, 0.150000, 1.000000, 1.000000, 0.000000, 0.6712
484, 0.200000, 0.000000, 0.000000, 1.000000, 0.7006
485, 0.200000, 0.000000, 0.100000, 0.900000, 0.718
486, 0.200000, 0.000000, 0.200000, 0.800000, 0.711
487, 0.200000, 0.000000, 0.300000, 0.700000, 0.7146
488, 0.200000, 0.000000, 0.400000, 0.600000, 0.7086
489, 0.200000, 0.000000, 0.500000, 0.500000, 0.7188
490, 0.200000, 0.000000, 0.600000, 0.400000, 0.713
491, 0.200000, 0.000000, 0.700000, 0.300000, 0.6958
492, 0.200000, 0.000000, 0.800000, 0.200000, 0.6952
493, 0.200000, 0.000000, 0.900000, 0.100000, 0.68
494, 0.200000, 0.000000, 1.000000, 0.000000, 0.6704
495, 0.200000, 0.100000, 0.000000, 1.000000, 0.7142
496, 0.200000, 0.100000, 0.100000, 0.900000, 0.7112
497, 0.200000, 0.100000, 0.200000, 0.800000, 0.7032
498, 0.200000, 0.100000, 0.300000, 0.700000, 0.7184
499, 0.200000, 0.100000, 0.400000, 0.600000, 0.727
500, 0.200000, 0.100000, 0.500000, 0.500000, 0.7186
501, 0.200000, 0.100000, 0.600000, 0.400000, 0.7076
502, 0.200000, 0.100000, 0.700000, 0.300000, 0.7082
503, 0.200000, 0.100000, 0.800000, 0.200000, 0.712
504, 0.200000, 0.100000, 0.900000, 0.100000, 0.6814
505, 0.200000, 0.100000, 1.000000, 0.000000, 0.682
506, 0.200000, 0.200000, 0.000000, 1.000000, 0.7008
507, 0.200000, 0.200000, 0.100000, 0.900000, 0.7076
508, 0.200000, 0.200000, 0.200000, 0.800000, 0.724
509, 0.200000, 0.200000, 0.300000, 0.700000, 0.7154
510, 0.200000, 0.200000, 0.400000, 0.600000, 0.7236
511, 0.200000, 0.200000, 0.500000, 0.500000, 0.7274
512, 0.200000, 0.200000, 0.600000, 0.400000, 0.7122
513, 0.200000, 0.200000, 0.700000, 0.300000, 0.7062
514, 0.200000, 0.200000, 0.800000, 0.200000, 0.6994
515, 0.200000, 0.200000, 0.900000, 0.100000, 0.6842
516, 0.200000, 0.200000, 1.000000, 0.000000, 0.6696
517, 0.200000, 0.300000, 0.000000, 1.000000, 0.702
518, 0.200000, 0.300000, 0.100000, 0.900000, 0.7256
519, 0.200000, 0.300000, 0.200000, 0.800000, 0.7226
520, 0.200000, 0.300000, 0.300000, 0.700000, 0.723
521, 0.200000, 0.300000, 0.400000, 0.600000, 0.7212
522, 0.200000, 0.300000, 0.500000, 0.500000, 0.7182
523, 0.200000, 0.300000, 0.600000, 0.400000, 0.7176
524, 0.200000, 0.300000, 0.700000, 0.300000, 0.6972
525, 0.200000, 0.300000, 0.800000, 0.200000, 0.7014
526, 0.200000, 0.300000, 0.900000, 0.100000, 0.6912
527, 0.200000, 0.300000, 1.000000, 0.000000, 0.6836
528, 0.200000, 0.400000, 0.000000, 1.000000, 0.6958
529, 0.200000, 0.400000, 0.100000, 0.900000, 0.7116
530, 0.200000, 0.400000, 0.200000, 0.800000, 0.7274
531, 0.200000, 0.400000, 0.300000, 0.700000, 0.7116
532, 0.200000, 0.400000, 0.400000, 0.600000, 0.7302
533, 0.200000, 0.400000, 0.500000, 0.500000, 0.7254
534, 0.200000, 0.400000, 0.600000, 0.400000, 0.7186
535, 0.200000, 0.400000, 0.700000, 0.300000, 0.71
536, 0.200000, 0.400000, 0.800000, 0.200000, 0.6876
537, 0.200000, 0.400000, 0.900000, 0.100000, 0.6822
538, 0.200000, 0.400000, 1.000000, 0.000000, 0.6782
539, 0.200000, 0.500000, 0.000000, 1.000000, 0.7054
540, 0.200000, 0.500000, 0.100000, 0.900000, 0.7032
541, 0.200000, 0.500000, 0.200000, 0.800000, 0.7228
542, 0.200000, 0.500000, 0.300000, 0.700000, 0.716
543, 0.200000, 0.500000, 0.400000, 0.600000, 0.7306
544, 0.200000, 0.500000, 0.500000, 0.500000, 0.7176
545, 0.200000, 0.500000, 0.600000, 0.400000, 0.7038
546, 0.200000, 0.500000, 0.700000, 0.300000, 0.7124
547, 0.200000, 0.500000, 0.800000, 0.200000, 0.7016
548, 0.200000, 0.500000, 0.900000, 0.100000, 0.6902
549, 0.200000, 0.500000, 1.000000, 0.000000, 0.68
550, 0.200000, 0.600000, 0.000000, 1.000000, 0.708
551, 0.200000, 0.600000, 0.100000, 0.900000, 0.712
552, 0.200000, 0.600000, 0.200000, 0.800000, 0.7192
553, 0.200000, 0.600000, 0.300000, 0.700000, 0.7236
554, 0.200000, 0.600000, 0.400000, 0.600000, 0.7306
555, 0.200000, 0.600000, 0.500000, 0.500000, 0.7296
556, 0.200000, 0.600000, 0.600000, 0.400000, 0.7172
557, 0.200000, 0.600000, 0.700000, 0.300000, 0.7136
558, 0.200000, 0.600000, 0.800000, 0.200000, 0.6978
559, 0.200000, 0.600000, 0.900000, 0.100000, 0.6858
560, 0.200000, 0.600000, 1.000000, 0.000000, 0.6694
561, 0.200000, 0.700000, 0.000000, 1.000000, 0.7018
562, 0.200000, 0.700000, 0.100000, 0.900000, 0.7066
563, 0.200000, 0.700000, 0.200000, 0.800000, 0.7168
564, 0.200000, 0.700000, 0.300000, 0.700000, 0.7262
565, 0.200000, 0.700000, 0.400000, 0.600000, 0.7228
566, 0.200000, 0.700000, 0.500000, 0.500000, 0.7174
567, 0.200000, 0.700000, 0.600000, 0.400000, 0.7162
568, 0.200000, 0.700000, 0.700000, 0.300000, 0.7176
569, 0.200000, 0.700000, 0.800000, 0.200000, 0.6964
570, 0.200000, 0.700000, 0.900000, 0.100000, 0.6714
571, 0.200000, 0.700000, 1.000000, 0.000000, 0.6808
572, 0.200000, 0.800000, 0.000000, 1.000000, 0.707
573, 0.200000, 0.800000, 0.100000, 0.900000, 0.7026
574, 0.200000, 0.800000, 0.200000, 0.800000, 0.706
575, 0.200000, 0.800000, 0.300000, 0.700000, 0.7206
576, 0.200000, 0.800000, 0.400000, 0.600000, 0.7248
577, 0.200000, 0.800000, 0.500000, 0.500000, 0.7242
578, 0.200000, 0.800000, 0.600000, 0.400000, 0.713
579, 0.200000, 0.800000, 0.700000, 0.300000, 0.7178
580, 0.200000, 0.800000, 0.800000, 0.200000, 0.696
581, 0.200000, 0.800000, 0.900000, 0.100000, 0.6846
582, 0.200000, 0.800000, 1.000000, 0.000000, 0.6854
583, 0.200000, 0.900000, 0.000000, 1.000000, 0.7124
584, 0.200000, 0.900000, 0.100000, 0.900000, 0.7034
585, 0.200000, 0.900000, 0.200000, 0.800000, 0.717
586, 0.200000, 0.900000, 0.300000, 0.700000, 0.7264
587, 0.200000, 0.900000, 0.400000, 0.600000, 0.7252
588, 0.200000, 0.900000, 0.500000, 0.500000, 0.722
589, 0.200000, 0.900000, 0.600000, 0.400000, 0.7208
590, 0.200000, 0.900000, 0.700000, 0.300000, 0.7048
591, 0.200000, 0.900000, 0.800000, 0.200000, 0.6978
592, 0.200000, 0.900000, 0.900000, 0.100000, 0.6736
593, 0.200000, 0.900000, 1.000000, 0.000000, 0.6816
594, 0.200000, 1.000000, 0.000000, 1.000000, 0.7072
595, 0.200000, 1.000000, 0.100000, 0.900000, 0.7004
596, 0.200000, 1.000000, 0.200000, 0.800000, 0.7172
597, 0.200000, 1.000000, 0.300000, 0.700000, 0.716
598, 0.200000, 1.000000, 0.400000, 0.600000, 0.7206
599, 0.200000, 1.000000, 0.500000, 0.500000, 0.7246
600, 0.200000, 1.000000, 0.600000, 0.400000, 0.7162
601, 0.200000, 1.000000, 0.700000, 0.300000, 0.7174
602, 0.200000, 1.000000, 0.800000, 0.200000, 0.7052
603, 0.200000, 1.000000, 0.900000, 0.100000, 0.6828
604, 0.200000, 1.000000, 1.000000, 0.000000, 0.6804
605, 0.250000, 0.000000, 0.000000, 1.000000, 0.6924
606, 0.250000, 0.000000, 0.100000, 0.900000, 0.7068
607, 0.250000, 0.000000, 0.200000, 0.800000, 0.7056
608, 0.250000, 0.000000, 0.300000, 0.700000, 0.7154
609, 0.250000, 0.000000, 0.400000, 0.600000, 0.7126
610, 0.250000, 0.000000, 0.500000, 0.500000, 0.7094
611, 0.250000, 0.000000, 0.600000, 0.400000, 0.7188
612, 0.250000, 0.000000, 0.700000, 0.300000, 0.7094
613, 0.250000, 0.000000, 0.800000, 0.200000, 0.6938
614, 0.250000, 0.000000, 0.900000, 0.100000, 0.6902
615, 0.250000, 0.000000, 1.000000, 0.000000, 0.6602
616, 0.250000, 0.100000, 0.000000, 1.000000, 0.7052
617, 0.250000, 0.100000, 0.100000, 0.900000, 0.7058
618, 0.250000, 0.100000, 0.200000, 0.800000, 0.7098
619, 0.250000, 0.100000, 0.300000, 0.700000, 0.723
620, 0.250000, 0.100000, 0.400000, 0.600000, 0.7174
621, 0.250000, 0.100000, 0.500000, 0.500000, 0.7146
622, 0.250000, 0.100000, 0.600000, 0.400000, 0.7052
623, 0.250000, 0.100000, 0.700000, 0.300000, 0.7122
624, 0.250000, 0.100000, 0.800000, 0.200000, 0.6982
625, 0.250000, 0.100000, 0.900000, 0.100000, 0.6944
626, 0.250000, 0.100000, 1.000000, 0.000000, 0.674
627, 0.250000, 0.200000, 0.000000, 1.000000, 0.7016
628, 0.250000, 0.200000, 0.100000, 0.900000, 0.7158
629, 0.250000, 0.200000, 0.200000, 0.800000, 0.7096
630, 0.250000, 0.200000, 0.300000, 0.700000, 0.7132
631, 0.250000, 0.200000, 0.400000, 0.600000, 0.7192
632, 0.250000, 0.200000, 0.500000, 0.500000, 0.7206
633, 0.250000, 0.200000, 0.600000, 0.400000, 0.7188
634, 0.250000, 0.200000, 0.700000, 0.300000, 0.7014
635, 0.250000, 0.200000, 0.800000, 0.200000, 0.7
636, 0.250000, 0.200000, 0.900000, 0.100000, 0.6906
637, 0.250000, 0.200000, 1.000000, 0.000000, 0.666
638, 0.250000, 0.300000, 0.000000, 1.000000, 0.7016
639, 0.250000, 0.300000, 0.100000, 0.900000, 0.7184
640, 0.250000, 0.300000, 0.200000, 0.800000, 0.7128
641, 0.250000, 0.300000, 0.300000, 0.700000, 0.7256
642, 0.250000, 0.300000, 0.400000, 0.600000, 0.7182
643, 0.250000, 0.300000, 0.500000, 0.500000, 0.7254
644, 0.250000, 0.300000, 0.600000, 0.400000, 0.7008
645, 0.250000, 0.300000, 0.700000, 0.300000, 0.711
646, 0.250000, 0.300000, 0.800000, 0.200000, 0.7058
647, 0.250000, 0.300000, 0.900000, 0.100000, 0.673
648, 0.250000, 0.300000, 1.000000, 0.000000, 0.673
649, 0.250000, 0.400000, 0.000000, 1.000000, 0.702
650, 0.250000, 0.400000, 0.100000, 0.900000, 0.7102
651, 0.250000, 0.400000, 0.200000, 0.800000, 0.7078
652, 0.250000, 0.400000, 0.300000, 0.700000, 0.7258
653, 0.250000, 0.400000, 0.400000, 0.600000, 0.7098
654, 0.250000, 0.400000, 0.500000, 0.500000, 0.726
655, 0.250000, 0.400000, 0.600000, 0.400000, 0.7022
656, 0.250000, 0.400000, 0.700000, 0.300000, 0.7076
657, 0.250000, 0.400000, 0.800000, 0.200000, 0.703
658, 0.250000, 0.400000, 0.900000, 0.100000, 0.6838
659, 0.250000, 0.400000, 1.000000, 0.000000, 0.6688
660, 0.250000, 0.500000, 0.000000, 1.000000, 0.7054
661, 0.250000, 0.500000, 0.100000, 0.900000, 0.714
662, 0.250000, 0.500000, 0.200000, 0.800000, 0.718
663, 0.250000, 0.500000, 0.300000, 0.700000, 0.7128
664, 0.250000, 0.500000, 0.400000, 0.600000, 0.7146
665, 0.250000, 0.500000, 0.500000, 0.500000, 0.7218
666, 0.250000, 0.500000, 0.600000, 0.400000, 0.7152
667, 0.250000, 0.500000, 0.700000, 0.300000, 0.7018
668, 0.250000, 0.500000, 0.800000, 0.200000, 0.705
669, 0.250000, 0.500000, 0.900000, 0.100000, 0.6874
670, 0.250000, 0.500000, 1.000000, 0.000000, 0.6878
671, 0.250000, 0.600000, 0.000000, 1.000000, 0.7032
672, 0.250000, 0.600000, 0.100000, 0.900000, 0.7176
673, 0.250000, 0.600000, 0.200000, 0.800000, 0.7206
674, 0.250000, 0.600000, 0.300000, 0.700000, 0.7316
675, 0.250000, 0.600000, 0.400000, 0.600000, 0.7344
676, 0.250000, 0.600000, 0.500000, 0.500000, 0.718
677, 0.250000, 0.600000, 0.600000, 0.400000, 0.7176
678, 0.250000, 0.600000, 0.700000, 0.300000, 0.705
679, 0.250000, 0.600000, 0.800000, 0.200000, 0.6998
680, 0.250000, 0.600000, 0.900000, 0.100000, 0.6854
681, 0.250000, 0.600000, 1.000000, 0.000000, 0.687
682, 0.250000, 0.700000, 0.000000, 1.000000, 0.6972
683, 0.250000, 0.700000, 0.100000, 0.900000, 0.7068
684, 0.250000, 0.700000, 0.200000, 0.800000, 0.7218
685, 0.250000, 0.700000, 0.300000, 0.700000, 0.728
686, 0.250000, 0.700000, 0.400000, 0.600000, 0.7304
687, 0.250000, 0.700000, 0.500000, 0.500000, 0.7194
688, 0.250000, 0.700000, 0.600000, 0.400000, 0.715
689, 0.250000, 0.700000, 0.700000, 0.300000, 0.7232
690, 0.250000, 0.700000, 0.800000, 0.200000, 0.6878
691, 0.250000, 0.700000, 0.900000, 0.100000, 0.7008
692, 0.250000, 0.700000, 1.000000, 0.000000, 0.6658
693, 0.250000, 0.800000, 0.000000, 1.000000, 0.7086
694, 0.250000, 0.800000, 0.100000, 0.900000, 0.7142
695, 0.250000, 0.800000, 0.200000, 0.800000, 0.7142
696, 0.250000, 0.800000, 0.300000, 0.700000, 0.7324
697, 0.250000, 0.800000, 0.400000, 0.600000, 0.7228
698, 0.250000, 0.800000, 0.500000, 0.500000, 0.7262
699, 0.250000, 0.800000, 0.600000, 0.400000, 0.7178
700, 0.250000, 0.800000, 0.700000, 0.300000, 0.7176
701, 0.250000, 0.800000, 0.800000, 0.200000, 0.6908
702, 0.250000, 0.800000, 0.900000, 0.100000, 0.6814
703, 0.250000, 0.800000, 1.000000, 0.000000, 0.679
704, 0.250000, 0.900000, 0.000000, 1.000000, 0.7162
705, 0.250000, 0.900000, 0.100000, 0.900000, 0.705
706, 0.250000, 0.900000, 0.200000, 0.800000, 0.71
707, 0.250000, 0.900000, 0.300000, 0.700000, 0.7226
708, 0.250000, 0.900000, 0.400000, 0.600000, 0.7324
709, 0.250000, 0.900000, 0.500000, 0.500000, 0.7082
710, 0.250000, 0.900000, 0.600000, 0.400000, 0.7322
711, 0.250000, 0.900000, 0.700000, 0.300000, 0.7078
712, 0.250000, 0.900000, 0.800000, 0.200000, 0.6934
713, 0.250000, 0.900000, 0.900000, 0.100000, 0.6824
714, 0.250000, 0.900000, 1.000000, 0.000000, 0.6776
715, 0.250000, 1.000000, 0.000000, 1.000000, 0.6928
716, 0.250000, 1.000000, 0.100000, 0.900000, 0.7102
717, 0.250000, 1.000000, 0.200000, 0.800000, 0.7124
718, 0.250000, 1.000000, 0.300000, 0.700000, 0.7274
719, 0.250000, 1.000000, 0.400000, 0.600000, 0.7304
720, 0.250000, 1.000000, 0.500000, 0.500000, 0.7264
721, 0.250000, 1.000000, 0.600000, 0.400000, 0.723
722, 0.250000, 1.000000, 0.700000, 0.300000, 0.6972
723, 0.250000, 1.000000, 0.800000, 0.200000, 0.7068
724, 0.250000, 1.000000, 0.900000, 0.100000, 0.6798
725, 0.250000, 1.000000, 1.000000, 0.000000, 0.6796
726, 0.300000, 0.000000, 0.000000, 1.000000, 0.6892
727, 0.300000, 0.000000, 0.100000, 0.900000, 0.702
728, 0.300000, 0.000000, 0.200000, 0.800000, 0.6994
729, 0.300000, 0.000000, 0.300000, 0.700000, 0.7222
730, 0.300000, 0.000000, 0.400000, 0.600000, 0.718
731, 0.300000, 0.000000, 0.500000, 0.500000, 0.7152
732, 0.300000, 0.000000, 0.600000, 0.400000, 0.717
733, 0.300000, 0.000000, 0.700000, 0.300000, 0.698
734, 0.300000, 0.000000, 0.800000, 0.200000, 0.7064
735, 0.300000, 0.000000, 0.900000, 0.100000, 0.6756
736, 0.300000, 0.000000, 1.000000, 0.000000, 0.6702
737, 0.300000, 0.100000, 0.000000, 1.000000, 0.7092
738, 0.300000, 0.100000, 0.100000, 0.900000, 0.7074
739, 0.300000, 0.100000, 0.200000, 0.800000, 0.708
740, 0.300000, 0.100000, 0.300000, 0.700000, 0.7182
741, 0.300000, 0.100000, 0.400000, 0.600000, 0.722
742, 0.300000, 0.100000, 0.500000, 0.500000, 0.7118
743, 0.300000, 0.100000, 0.600000, 0.400000, 0.7132
744, 0.300000, 0.100000, 0.700000, 0.300000, 0.7076
745, 0.300000, 0.100000, 0.800000, 0.200000, 0.701
746, 0.300000, 0.100000, 0.900000, 0.100000, 0.6822
747, 0.300000, 0.100000, 1.000000, 0.000000, 0.682
748, 0.300000, 0.200000, 0.000000, 1.000000, 0.7046
749, 0.300000, 0.200000, 0.100000, 0.900000, 0.7102
750, 0.300000, 0.200000, 0.200000, 0.800000, 0.7146
751, 0.300000, 0.200000, 0.300000, 0.700000, 0.7084
752, 0.300000, 0.200000, 0.400000, 0.600000, 0.717
753, 0.300000, 0.200000, 0.500000, 0.500000, 0.7178
754, 0.300000, 0.200000, 0.600000, 0.400000, 0.719
755, 0.300000, 0.200000, 0.700000, 0.300000, 0.6998
756, 0.300000, 0.200000, 0.800000, 0.200000, 0.6988
757, 0.300000, 0.200000, 0.900000, 0.100000, 0.6804
758, 0.300000, 0.200000, 1.000000, 0.000000, 0.6838
759, 0.300000, 0.300000, 0.000000, 1.000000, 0.7076
760, 0.300000, 0.300000, 0.100000, 0.900000, 0.7058
761, 0.300000, 0.300000, 0.200000, 0.800000, 0.7254
762, 0.300000, 0.300000, 0.300000, 0.700000, 0.7202
763, 0.300000, 0.300000, 0.400000, 0.600000, 0.7308
764, 0.300000, 0.300000, 0.500000, 0.500000, 0.7144
765, 0.300000, 0.300000, 0.600000, 0.400000, 0.712
766, 0.300000, 0.300000, 0.700000, 0.300000, 0.7116
767, 0.300000, 0.300000, 0.800000, 0.200000, 0.695
768, 0.300000, 0.300000, 0.900000, 0.100000, 0.6754
769, 0.300000, 0.300000, 1.000000, 0.000000, 0.6738
770, 0.300000, 0.400000, 0.000000, 1.000000, 0.708
771, 0.300000, 0.400000, 0.100000, 0.900000, 0.7042
772, 0.300000, 0.400000, 0.200000, 0.800000, 0.7214
773, 0.300000, 0.400000, 0.300000, 0.700000, 0.724
774, 0.300000, 0.400000, 0.400000, 0.600000, 0.7204
775, 0.300000, 0.400000, 0.500000, 0.500000, 0.7274
776, 0.300000, 0.400000, 0.600000, 0.400000, 0.7102
777, 0.300000, 0.400000, 0.700000, 0.300000, 0.7092
778, 0.300000, 0.400000, 0.800000, 0.200000, 0.6946
779, 0.300000, 0.400000, 0.900000, 0.100000, 0.684
780, 0.300000, 0.400000, 1.000000, 0.000000, 0.6758
781, 0.300000, 0.500000, 0.000000, 1.000000, 0.7048
782, 0.300000, 0.500000, 0.100000, 0.900000, 0.7178
783, 0.300000, 0.500000, 0.200000, 0.800000, 0.7152
784, 0.300000, 0.500000, 0.300000, 0.700000, 0.7236
785, 0.300000, 0.500000, 0.400000, 0.600000, 0.7176
786, 0.300000, 0.500000, 0.500000, 0.500000, 0.7076
787, 0.300000, 0.500000, 0.600000, 0.400000, 0.727
788, 0.300000, 0.500000, 0.700000, 0.300000, 0.7062
789, 0.300000, 0.500000, 0.800000, 0.200000, 0.7002
790, 0.300000, 0.500000, 0.900000, 0.100000, 0.6904
791, 0.300000, 0.500000, 1.000000, 0.000000, 0.6706
792, 0.300000, 0.600000, 0.000000, 1.000000, 0.7028
793, 0.300000, 0.600000, 0.100000, 0.900000, 0.7114
794, 0.300000, 0.600000, 0.200000, 0.800000, 0.7252
795, 0.300000, 0.600000, 0.300000, 0.700000, 0.731
796, 0.300000, 0.600000, 0.400000, 0.600000, 0.7202
797, 0.300000, 0.600000, 0.500000, 0.500000, 0.7166
798, 0.300000, 0.600000, 0.600000, 0.400000, 0.7122
799, 0.300000, 0.600000, 0.700000, 0.300000, 0.6836
800, 0.300000, 0.600000, 0.800000, 0.200000, 0.6958
801, 0.300000, 0.600000, 0.900000, 0.100000, 0.6906
802, 0.300000, 0.600000, 1.000000, 0.000000, 0.6684
803, 0.300000, 0.700000, 0.000000, 1.000000, 0.7156
804, 0.300000, 0.700000, 0.100000, 0.900000, 0.7006
805, 0.300000, 0.700000, 0.200000, 0.800000, 0.7016
806, 0.300000, 0.700000, 0.300000, 0.700000, 0.7238
807, 0.300000, 0.700000, 0.400000, 0.600000, 0.7278
808, 0.300000, 0.700000, 0.500000, 0.500000, 0.7256
809, 0.300000, 0.700000, 0.600000, 0.400000, 0.722
810, 0.300000, 0.700000, 0.700000, 0.300000, 0.7122
811, 0.300000, 0.700000, 0.800000, 0.200000, 0.6958
812, 0.300000, 0.700000, 0.900000, 0.100000, 0.6822
813, 0.300000, 0.700000, 1.000000, 0.000000, 0.6666
814, 0.300000, 0.800000, 0.000000, 1.000000, 0.6962
815, 0.300000, 0.800000, 0.100000, 0.900000, 0.7128
816, 0.300000, 0.800000, 0.200000, 0.800000, 0.7146
817, 0.300000, 0.800000, 0.300000, 0.700000, 0.7276
818, 0.300000, 0.800000, 0.400000, 0.600000, 0.7242
819, 0.300000, 0.800000, 0.500000, 0.500000, 0.7228
820, 0.300000, 0.800000, 0.600000, 0.400000, 0.7112
821, 0.300000, 0.800000, 0.700000, 0.300000, 0.7168
822, 0.300000, 0.800000, 0.800000, 0.200000, 0.6954
823, 0.300000, 0.800000, 0.900000, 0.100000, 0.6882
824, 0.300000, 0.800000, 1.000000, 0.000000, 0.6754
825, 0.300000, 0.900000, 0.000000, 1.000000, 0.689
826, 0.300000, 0.900000, 0.100000, 0.900000, 0.7056
827, 0.300000, 0.900000, 0.200000, 0.800000, 0.7172
828, 0.300000, 0.900000, 0.300000, 0.700000, 0.731
829, 0.300000, 0.900000, 0.400000, 0.600000, 0.7364
830, 0.300000, 0.900000, 0.500000, 0.500000, 0.7316
831, 0.300000, 0.900000, 0.600000, 0.400000, 0.7146
832, 0.300000, 0.900000, 0.700000, 0.300000, 0.7068
833, 0.300000, 0.900000, 0.800000, 0.200000, 0.6998
834, 0.300000, 0.900000, 0.900000, 0.100000, 0.6898
835, 0.300000, 0.900000, 1.000000, 0.000000, 0.679
836, 0.300000, 1.000000, 0.000000, 1.000000, 0.7116
837, 0.300000, 1.000000, 0.100000, 0.900000, 0.7052
838, 0.300000, 1.000000, 0.200000, 0.800000, 0.7244
839, 0.300000, 1.000000, 0.300000, 0.700000, 0.73
840, 0.300000, 1.000000, 0.400000, 0.600000, 0.721
841, 0.300000, 1.000000, 0.500000, 0.500000, 0.7304
842, 0.300000, 1.000000, 0.600000, 0.400000, 0.7148
843, 0.300000, 1.000000, 0.700000, 0.300000, 0.7272
844, 0.300000, 1.000000, 0.800000, 0.200000, 0.716
845, 0.300000, 1.000000, 0.900000, 0.100000, 0.6852
846, 0.300000, 1.000000, 1.000000, 0.000000, 0.6692
847, 0.350000, 0.000000, 0.000000, 1.000000, 0.687
848, 0.350000, 0.000000, 0.100000, 0.900000, 0.7018
849, 0.350000, 0.000000, 0.200000, 0.800000, 0.7108
850, 0.350000, 0.000000, 0.300000, 0.700000, 0.7216
851, 0.350000, 0.000000, 0.400000, 0.600000, 0.7272
852, 0.350000, 0.000000, 0.500000, 0.500000, 0.71
853, 0.350000, 0.000000, 0.600000, 0.400000, 0.6966
854, 0.350000, 0.000000, 0.700000, 0.300000, 0.6918
855, 0.350000, 0.000000, 0.800000, 0.200000, 0.6848
856, 0.350000, 0.000000, 0.900000, 0.100000, 0.6856
857, 0.350000, 0.000000, 1.000000, 0.000000, 0.6702
858, 0.350000, 0.100000, 0.000000, 1.000000, 0.7094
859, 0.350000, 0.100000, 0.100000, 0.900000, 0.706
860, 0.350000, 0.100000, 0.200000, 0.800000, 0.7208
861, 0.350000, 0.100000, 0.300000, 0.700000, 0.7286
862, 0.350000, 0.100000, 0.400000, 0.600000, 0.728
863, 0.350000, 0.100000, 0.500000, 0.500000, 0.7242
864, 0.350000, 0.100000, 0.600000, 0.400000, 0.7254
865, 0.350000, 0.100000, 0.700000, 0.300000, 0.7118
866, 0.350000, 0.100000, 0.800000, 0.200000, 0.693
867, 0.350000, 0.100000, 0.900000, 0.100000, 0.6934
868, 0.350000, 0.100000, 1.000000, 0.000000, 0.678
869, 0.350000, 0.200000, 0.000000, 1.000000, 0.7118
870, 0.350000, 0.200000, 0.100000, 0.900000, 0.7156
871, 0.350000, 0.200000, 0.200000, 0.800000, 0.7072
872, 0.350000, 0.200000, 0.300000, 0.700000, 0.7226
873, 0.350000, 0.200000, 0.400000, 0.600000, 0.7278
874, 0.350000, 0.200000, 0.500000, 0.500000, 0.718
875, 0.350000, 0.200000, 0.600000, 0.400000, 0.705
876, 0.350000, 0.200000, 0.700000, 0.300000, 0.7016
877, 0.350000, 0.200000, 0.800000, 0.200000, 0.6922
878, 0.350000, 0.200000, 0.900000, 0.100000, 0.6796
879, 0.350000, 0.200000, 1.000000, 0.000000, 0.6664
880, 0.350000, 0.300000, 0.000000, 1.000000, 0.7024
881, 0.350000, 0.300000, 0.100000, 0.900000, 0.713
882, 0.350000, 0.300000, 0.200000, 0.800000, 0.7292
883, 0.350000, 0.300000, 0.300000, 0.700000, 0.7184
884, 0.350000, 0.300000, 0.400000, 0.600000, 0.7178
885, 0.350000, 0.300000, 0.500000, 0.500000, 0.723
886, 0.350000, 0.300000, 0.600000, 0.400000, 0.716
887, 0.350000, 0.300000, 0.700000, 0.300000, 0.7022
888, 0.350000, 0.300000, 0.800000, 0.200000, 0.6912
889, 0.350000, 0.300000, 0.900000, 0.100000, 0.6806
890, 0.350000, 0.300000, 1.000000, 0.000000, 0.6818
891, 0.350000, 0.400000, 0.000000, 1.000000, 0.712
892, 0.350000, 0.400000, 0.100000, 0.900000, 0.7016
893, 0.350000, 0.400000, 0.200000, 0.800000, 0.7124
894, 0.350000, 0.400000, 0.300000, 0.700000, 0.727
895, 0.350000, 0.400000, 0.400000, 0.600000, 0.7186
896, 0.350000, 0.400000, 0.500000, 0.500000, 0.718
897, 0.350000, 0.400000, 0.600000, 0.400000, 0.724
898, 0.350000, 0.400000, 0.700000, 0.300000, 0.7084
899, 0.350000, 0.400000, 0.800000, 0.200000, 0.6864
900, 0.350000, 0.400000, 0.900000, 0.100000, 0.6828
901, 0.350000, 0.400000, 1.000000, 0.000000, 0.68
902, 0.350000, 0.500000, 0.000000, 1.000000, 0.7036
903, 0.350000, 0.500000, 0.100000, 0.900000, 0.7134
904, 0.350000, 0.500000, 0.200000, 0.800000, 0.7176
905, 0.350000, 0.500000, 0.300000, 0.700000, 0.7232
906, 0.350000, 0.500000, 0.400000, 0.600000, 0.7174
907, 0.350000, 0.500000, 0.500000, 0.500000, 0.7174
908, 0.350000, 0.500000, 0.600000, 0.400000, 0.721
909, 0.350000, 0.500000, 0.700000, 0.300000, 0.6992
910, 0.350000, 0.500000, 0.800000, 0.200000, 0.7028
911, 0.350000, 0.500000, 0.900000, 0.100000, 0.7044
912, 0.350000, 0.500000, 1.000000, 0.000000, 0.686
913, 0.350000, 0.600000, 0.000000, 1.000000, 0.7076
914, 0.350000, 0.600000, 0.100000, 0.900000, 0.728
915, 0.350000, 0.600000, 0.200000, 0.800000, 0.7134
916, 0.350000, 0.600000, 0.300000, 0.700000, 0.7298
917, 0.350000, 0.600000, 0.400000, 0.600000, 0.7242
918, 0.350000, 0.600000, 0.500000, 0.500000, 0.7142
919, 0.350000, 0.600000, 0.600000, 0.400000, 0.7256
920, 0.350000, 0.600000, 0.700000, 0.300000, 0.721
921, 0.350000, 0.600000, 0.800000, 0.200000, 0.6984
922, 0.350000, 0.600000, 0.900000, 0.100000, 0.6824
923, 0.350000, 0.600000, 1.000000, 0.000000, 0.669
924, 0.350000, 0.700000, 0.000000, 1.000000, 0.719
925, 0.350000, 0.700000, 0.100000, 0.900000, 0.7166
926, 0.350000, 0.700000, 0.200000, 0.800000, 0.7258
927, 0.350000, 0.700000, 0.300000, 0.700000, 0.7232
928, 0.350000, 0.700000, 0.400000, 0.600000, 0.7284
929, 0.350000, 0.700000, 0.500000, 0.500000, 0.7224
930, 0.350000, 0.700000, 0.600000, 0.400000, 0.7094
931, 0.350000, 0.700000, 0.700000, 0.300000, 0.706
932, 0.350000, 0.700000, 0.800000, 0.200000, 0.7078
933, 0.350000, 0.700000, 0.900000, 0.100000, 0.691
934, 0.350000, 0.700000, 1.000000, 0.000000, 0.6704
935, 0.350000, 0.800000, 0.000000, 1.000000, 0.7246
936, 0.350000, 0.800000, 0.100000, 0.900000, 0.7114
937, 0.350000, 0.800000, 0.200000, 0.800000, 0.7246
938, 0.350000, 0.800000, 0.300000, 0.700000, 0.7092
939, 0.350000, 0.800000, 0.400000, 0.600000, 0.725
940, 0.350000, 0.800000, 0.500000, 0.500000, 0.7186
941, 0.350000, 0.800000, 0.600000, 0.400000, 0.7194
942, 0.350000, 0.800000, 0.700000, 0.300000, 0.7066
943, 0.350000, 0.800000, 0.800000, 0.200000, 0.6964
944, 0.350000, 0.800000, 0.900000, 0.100000, 0.6818
945, 0.350000, 0.800000, 1.000000, 0.000000, 0.6668
946, 0.350000, 0.900000, 0.000000, 1.000000, 0.706
947, 0.350000, 0.900000, 0.100000, 0.900000, 0.7136
948, 0.350000, 0.900000, 0.200000, 0.800000, 0.7076
949, 0.350000, 0.900000, 0.300000, 0.700000, 0.7176
950, 0.350000, 0.900000, 0.400000, 0.600000, 0.7248
951, 0.350000, 0.900000, 0.500000, 0.500000, 0.723
952, 0.350000, 0.900000, 0.600000, 0.400000, 0.7174
953, 0.350000, 0.900000, 0.700000, 0.300000, 0.7106
954, 0.350000, 0.900000, 0.800000, 0.200000, 0.6922
955, 0.350000, 0.900000, 0.900000, 0.100000, 0.6852
956, 0.350000, 0.900000, 1.000000, 0.000000, 0.6666
957, 0.350000, 1.000000, 0.000000, 1.000000, 0.7074
958, 0.350000, 1.000000, 0.100000, 0.900000, 0.71
959, 0.350000, 1.000000, 0.200000, 0.800000, 0.723
960, 0.350000, 1.000000, 0.300000, 0.700000, 0.7238
961, 0.350000, 1.000000, 0.400000, 0.600000, 0.726
962, 0.350000, 1.000000, 0.500000, 0.500000, 0.7232
963, 0.350000, 1.000000, 0.600000, 0.400000, 0.7292
964, 0.350000, 1.000000, 0.700000, 0.300000, 0.6896
965, 0.350000, 1.000000, 0.800000, 0.200000, 0.704
966, 0.350000, 1.000000, 0.900000, 0.100000, 0.6752
967, 0.350000, 1.000000, 1.000000, 0.000000, 0.6706
968, 0.400000, 0.000000, 0.000000, 1.000000, 0.6926
969, 0.400000, 0.000000, 0.100000, 0.900000, 0.7016
970, 0.400000, 0.000000, 0.200000, 0.800000, 0.7192
971, 0.400000, 0.000000, 0.300000, 0.700000, 0.7052
972, 0.400000, 0.000000, 0.400000, 0.600000, 0.7164
973, 0.400000, 0.000000, 0.500000, 0.500000, 0.7172
974, 0.400000, 0.000000, 0.600000, 0.400000, 0.716
975, 0.400000, 0.000000, 0.700000, 0.300000, 0.7052
976, 0.400000, 0.000000, 0.800000, 0.200000, 0.6894
977, 0.400000, 0.000000, 0.900000, 0.100000, 0.6812
978, 0.400000, 0.000000, 1.000000, 0.000000, 0.6708
979, 0.400000, 0.100000, 0.000000, 1.000000, 0.7026
980, 0.400000, 0.100000, 0.100000, 0.900000, 0.6986
981, 0.400000, 0.100000, 0.200000, 0.800000, 0.7072
982, 0.400000, 0.100000, 0.300000, 0.700000, 0.7118
983, 0.400000, 0.100000, 0.400000, 0.600000, 0.7264
984, 0.400000, 0.100000, 0.500000, 0.500000, 0.7144
985, 0.400000, 0.100000, 0.600000, 0.400000, 0.7202
986, 0.400000, 0.100000, 0.700000, 0.300000, 0.7078
987, 0.400000, 0.100000, 0.800000, 0.200000, 0.705
988, 0.400000, 0.100000, 0.900000, 0.100000, 0.6762
989, 0.400000, 0.100000, 1.000000, 0.000000, 0.6828
990, 0.400000, 0.200000, 0.000000, 1.000000, 0.7082
991, 0.400000, 0.200000, 0.100000, 0.900000, 0.7072
992, 0.400000, 0.200000, 0.200000, 0.800000, 0.7096
993, 0.400000, 0.200000, 0.300000, 0.700000, 0.7092
994, 0.400000, 0.200000, 0.400000, 0.600000, 0.7232
995, 0.400000, 0.200000, 0.500000, 0.500000, 0.7218
996, 0.400000, 0.200000, 0.600000, 0.400000, 0.7094
997, 0.400000, 0.200000, 0.700000, 0.300000, 0.7022
998, 0.400000, 0.200000, 0.800000, 0.200000, 0.707
999, 0.400000, 0.200000, 0.900000, 0.100000, 0.696
1000, 0.400000, 0.200000, 1.000000, 0.000000, 0.6806
1001, 0.400000, 0.300000, 0.000000, 1.000000, 0.708
1002, 0.400000, 0.300000, 0.100000, 0.900000, 0.7078
1003, 0.400000, 0.300000, 0.200000, 0.800000, 0.7152
1004, 0.400000, 0.300000, 0.300000, 0.700000, 0.7138
1005, 0.400000, 0.300000, 0.400000, 0.600000, 0.715
1006, 0.400000, 0.300000, 0.500000, 0.500000, 0.7302
1007, 0.400000, 0.300000, 0.600000, 0.400000, 0.719
1008, 0.400000, 0.300000, 0.700000, 0.300000, 0.7148
1009, 0.400000, 0.300000, 0.800000, 0.200000, 0.6914
1010, 0.400000, 0.300000, 0.900000, 0.100000, 0.6876
1011, 0.400000, 0.300000, 1.000000, 0.000000, 0.6654
1012, 0.400000, 0.400000, 0.000000, 1.000000, 0.7058
1013, 0.400000, 0.400000, 0.100000, 0.900000, 0.7022
1014, 0.400000, 0.400000, 0.200000, 0.800000, 0.7144
1015, 0.400000, 0.400000, 0.300000, 0.700000, 0.7174
1016, 0.400000, 0.400000, 0.400000, 0.600000, 0.7278
1017, 0.400000, 0.400000, 0.500000, 0.500000, 0.7186
1018, 0.400000, 0.400000, 0.600000, 0.400000, 0.7142
1019, 0.400000, 0.400000, 0.700000, 0.300000, 0.7086
1020, 0.400000, 0.400000, 0.800000, 0.200000, 0.6854
1021, 0.400000, 0.400000, 0.900000, 0.100000, 0.6852
1022, 0.400000, 0.400000, 1.000000, 0.000000, 0.6736
1023, 0.400000, 0.500000, 0.000000, 1.000000, 0.7016
1024, 0.400000, 0.500000, 0.100000, 0.900000, 0.7048
1025, 0.400000, 0.500000, 0.200000, 0.800000, 0.714
1026, 0.400000, 0.500000, 0.300000, 0.700000, 0.7254
1027, 0.400000, 0.500000, 0.400000, 0.600000, 0.7286
1028, 0.400000, 0.500000, 0.500000, 0.500000, 0.7288
1029, 0.400000, 0.500000, 0.600000, 0.400000, 0.7256
1030, 0.400000, 0.500000, 0.700000, 0.300000, 0.7036
1031, 0.400000, 0.500000, 0.800000, 0.200000, 0.6898
1032, 0.400000, 0.500000, 0.900000, 0.100000, 0.6878
1033, 0.400000, 0.500000, 1.000000, 0.000000, 0.6786
1034, 0.400000, 0.600000, 0.000000, 1.000000, 0.7128
1035, 0.400000, 0.600000, 0.100000, 0.900000, 0.7112
1036, 0.400000, 0.600000, 0.200000, 0.800000, 0.7182
1037, 0.400000, 0.600000, 0.300000, 0.700000, 0.7232
1038, 0.400000, 0.600000, 0.400000, 0.600000, 0.7328
1039, 0.400000, 0.600000, 0.500000, 0.500000, 0.7368
1040, 0.400000, 0.600000, 0.600000, 0.400000, 0.7146
1041, 0.400000, 0.600000, 0.700000, 0.300000, 0.7072
1042, 0.400000, 0.600000, 0.800000, 0.200000, 0.6962
1043, 0.400000, 0.600000, 0.900000, 0.100000, 0.6886
1044, 0.400000, 0.600000, 1.000000, 0.000000, 0.6638
1045, 0.400000, 0.700000, 0.000000, 1.000000, 0.7046
1046, 0.400000, 0.700000, 0.100000, 0.900000, 0.7192
1047, 0.400000, 0.700000, 0.200000, 0.800000, 0.7224
1048, 0.400000, 0.700000, 0.300000, 0.700000, 0.714
1049, 0.400000, 0.700000, 0.400000, 0.600000, 0.7212
1050, 0.400000, 0.700000, 0.500000, 0.500000, 0.7228
1051, 0.400000, 0.700000, 0.600000, 0.400000, 0.7212
1052, 0.400000, 0.700000, 0.700000, 0.300000, 0.7078
1053, 0.400000, 0.700000, 0.800000, 0.200000, 0.6918
1054, 0.400000, 0.700000, 0.900000, 0.100000, 0.6932
1055, 0.400000, 0.700000, 1.000000, 0.000000, 0.6726
1056, 0.400000, 0.800000, 0.000000, 1.000000, 0.7112
1057, 0.400000, 0.800000, 0.100000, 0.900000, 0.7072
1058, 0.400000, 0.800000, 0.200000, 0.800000, 0.7268
1059, 0.400000, 0.800000, 0.300000, 0.700000, 0.7134
1060, 0.400000, 0.800000, 0.400000, 0.600000, 0.7076
1061, 0.400000, 0.800000, 0.500000, 0.500000, 0.7194
1062, 0.400000, 0.800000, 0.600000, 0.400000, 0.7108
1063, 0.400000, 0.800000, 0.700000, 0.300000, 0.6998
1064, 0.400000, 0.800000, 0.800000, 0.200000, 0.7056
1065, 0.400000, 0.800000, 0.900000, 0.100000, 0.6886
1066, 0.400000, 0.800000, 1.000000, 0.000000, 0.6692
1067, 0.400000, 0.900000, 0.000000, 1.000000, 0.7042
1068, 0.400000, 0.900000, 0.100000, 0.900000, 0.7308
1069, 0.400000, 0.900000, 0.200000, 0.800000, 0.721
1070, 0.400000, 0.900000, 0.300000, 0.700000, 0.718
1071, 0.400000, 0.900000, 0.400000, 0.600000, 0.7228
1072, 0.400000, 0.900000, 0.500000, 0.500000, 0.7198
1073, 0.400000, 0.900000, 0.600000, 0.400000, 0.7136
1074, 0.400000, 0.900000, 0.700000, 0.300000, 0.6914
1075, 0.400000, 0.900000, 0.800000, 0.200000, 0.689
1076, 0.400000, 0.900000, 0.900000, 0.100000, 0.6864
1077, 0.400000, 0.900000, 1.000000, 0.000000, 0.6778
1078, 0.400000, 1.000000, 0.000000, 1.000000, 0.706
1079, 0.400000, 1.000000, 0.100000, 0.900000, 0.7198
1080, 0.400000, 1.000000, 0.200000, 0.800000, 0.732
1081, 0.400000, 1.000000, 0.300000, 0.700000, 0.7064
1082, 0.400000, 1.000000, 0.400000, 0.600000, 0.7278
1083, 0.400000, 1.000000, 0.500000, 0.500000, 0.7332
1084, 0.400000, 1.000000, 0.600000, 0.400000, 0.7142
1085, 0.400000, 1.000000, 0.700000, 0.300000, 0.7144
1086, 0.400000, 1.000000, 0.800000, 0.200000, 0.6884
1087, 0.400000, 1.000000, 0.900000, 0.100000, 0.6726
1088, 0.400000, 1.000000, 1.000000, 0.000000, 0.6776
1089, 0.450000, 0.000000, 0.000000, 1.000000, 0.7084
1090, 0.450000, 0.000000, 0.100000, 0.900000, 0.7112
1091, 0.450000, 0.000000, 0.200000, 0.800000, 0.7176
1092, 0.450000, 0.000000, 0.300000, 0.700000, 0.7232
1093, 0.450000, 0.000000, 0.400000, 0.600000, 0.7182
1094, 0.450000, 0.000000, 0.500000, 0.500000, 0.7178
1095, 0.450000, 0.000000, 0.600000, 0.400000, 0.7142
1096, 0.450000, 0.000000, 0.700000, 0.300000, 0.7052
1097, 0.450000, 0.000000, 0.800000, 0.200000, 0.6904
1098, 0.450000, 0.000000, 0.900000, 0.100000, 0.6824
1099, 0.450000, 0.000000, 1.000000, 0.000000, 0.669
1100, 0.450000, 0.100000, 0.000000, 1.000000, 0.6988
1101, 0.450000, 0.100000, 0.100000, 0.900000, 0.7208
1102, 0.450000, 0.100000, 0.200000, 0.800000, 0.7244
1103, 0.450000, 0.100000, 0.300000, 0.700000, 0.7286
1104, 0.450000, 0.100000, 0.400000, 0.600000, 0.7192
1105, 0.450000, 0.100000, 0.500000, 0.500000, 0.7266
1106, 0.450000, 0.100000, 0.600000, 0.400000, 0.717
1107, 0.450000, 0.100000, 0.700000, 0.300000, 0.7088
1108, 0.450000, 0.100000, 0.800000, 0.200000, 0.7114
1109, 0.450000, 0.100000, 0.900000, 0.100000, 0.6786
1110, 0.450000, 0.100000, 1.000000, 0.000000, 0.6794
1111, 0.450000, 0.200000, 0.000000, 1.000000, 0.6936
1112, 0.450000, 0.200000, 0.100000, 0.900000, 0.6956
1113, 0.450000, 0.200000, 0.200000, 0.800000, 0.7062
1114, 0.450000, 0.200000, 0.300000, 0.700000, 0.7152
1115, 0.450000, 0.200000, 0.400000, 0.600000, 0.7188
1116, 0.450000, 0.200000, 0.500000, 0.500000, 0.719
1117, 0.450000, 0.200000, 0.600000, 0.400000, 0.7242
1118, 0.450000, 0.200000, 0.700000, 0.300000, 0.702
1119, 0.450000, 0.200000, 0.800000, 0.200000, 0.701
1120, 0.450000, 0.200000, 0.900000, 0.100000, 0.6892
1121, 0.450000, 0.200000, 1.000000, 0.000000, 0.672
1122, 0.450000, 0.300000, 0.000000, 1.000000, 0.7126
1123, 0.450000, 0.300000, 0.100000, 0.900000, 0.7096
1124, 0.450000, 0.300000, 0.200000, 0.800000, 0.7112
1125, 0.450000, 0.300000, 0.300000, 0.700000, 0.7018
1126, 0.450000, 0.300000, 0.400000, 0.600000, 0.7138
1127, 0.450000, 0.300000, 0.500000, 0.500000, 0.7196
1128, 0.450000, 0.300000, 0.600000, 0.400000, 0.7202
1129, 0.450000, 0.300000, 0.700000, 0.300000, 0.6984
1130, 0.450000, 0.300000, 0.800000, 0.200000, 0.686
1131, 0.450000, 0.300000, 0.900000, 0.100000, 0.6834
1132, 0.450000, 0.300000, 1.000000, 0.000000, 0.6824
1133, 0.450000, 0.400000, 0.000000, 1.000000, 0.7018
1134, 0.450000, 0.400000, 0.100000, 0.900000, 0.707
1135, 0.450000, 0.400000, 0.200000, 0.800000, 0.7212
1136, 0.450000, 0.400000, 0.300000, 0.700000, 0.7176
1137, 0.450000, 0.400000, 0.400000, 0.600000, 0.7262
1138, 0.450000, 0.400000, 0.500000, 0.500000, 0.7242
1139, 0.450000, 0.400000, 0.600000, 0.400000, 0.7058
1140, 0.450000, 0.400000, 0.700000, 0.300000, 0.7028
1141, 0.450000, 0.400000, 0.800000, 0.200000, 0.683
1142, 0.450000, 0.400000, 0.900000, 0.100000, 0.6798
1143, 0.450000, 0.400000, 1.000000, 0.000000, 0.6796
1144, 0.450000, 0.500000, 0.000000, 1.000000, 0.7036
1145, 0.450000, 0.500000, 0.100000, 0.900000, 0.716
1146, 0.450000, 0.500000, 0.200000, 0.800000, 0.7262
1147, 0.450000, 0.500000, 0.300000, 0.700000, 0.7162
1148, 0.450000, 0.500000, 0.400000, 0.600000, 0.7198
1149, 0.450000, 0.500000, 0.500000, 0.500000, 0.719
1150, 0.450000, 0.500000, 0.600000, 0.400000, 0.7092
1151, 0.450000, 0.500000, 0.700000, 0.300000, 0.703
1152, 0.450000, 0.500000, 0.800000, 0.200000, 0.6996
1153, 0.450000, 0.500000, 0.900000, 0.100000, 0.6852
1154, 0.450000, 0.500000, 1.000000, 0.000000, 0.6784
1155, 0.450000, 0.600000, 0.000000, 1.000000, 0.711
1156, 0.450000, 0.600000, 0.100000, 0.900000, 0.7202
1157, 0.450000, 0.600000, 0.200000, 0.800000, 0.7204
1158, 0.450000, 0.600000, 0.300000, 0.700000, 0.723
1159, 0.450000, 0.600000, 0.400000, 0.600000, 0.7206
1160, 0.450000, 0.600000, 0.500000, 0.500000, 0.7144
1161, 0.450000, 0.600000, 0.600000, 0.400000, 0.715
1162, 0.450000, 0.600000, 0.700000, 0.300000, 0.7108
1163, 0.450000, 0.600000, 0.800000, 0.200000, 0.6814
1164, 0.450000, 0.600000, 0.900000, 0.100000, 0.7026
1165, 0.450000, 0.600000, 1.000000, 0.000000, 0.6834
1166, 0.450000, 0.700000, 0.000000, 1.000000, 0.7034
1167, 0.450000, 0.700000, 0.100000, 0.900000, 0.7198
1168, 0.450000, 0.700000, 0.200000, 0.800000, 0.72
1169, 0.450000, 0.700000, 0.300000, 0.700000, 0.7088
1170, 0.450000, 0.700000, 0.400000, 0.600000, 0.7276
1171, 0.450000, 0.700000, 0.500000, 0.500000, 0.74
1172, 0.450000, 0.700000, 0.600000, 0.400000, 0.7116
1173, 0.450000, 0.700000, 0.700000, 0.300000, 0.7068
1174, 0.450000, 0.700000, 0.800000, 0.200000, 0.699
1175, 0.450000, 0.700000, 0.900000, 0.100000, 0.6912
1176, 0.450000, 0.700000, 1.000000, 0.000000, 0.664
1177, 0.450000, 0.800000, 0.000000, 1.000000, 0.7126
1178, 0.450000, 0.800000, 0.100000, 0.900000, 0.7186
1179, 0.450000, 0.800000, 0.200000, 0.800000, 0.7178
1180, 0.450000, 0.800000, 0.300000, 0.700000, 0.711
1181, 0.450000, 0.800000, 0.400000, 0.600000, 0.7306
1182, 0.450000, 0.800000, 0.500000, 0.500000, 0.7242
1183, 0.450000, 0.800000, 0.600000, 0.400000, 0.7116
1184, 0.450000, 0.800000, 0.700000, 0.300000, 0.722
1185, 0.450000, 0.800000, 0.800000, 0.200000, 0.6996
1186, 0.450000, 0.800000, 0.900000, 0.100000, 0.6778
1187, 0.450000, 0.800000, 1.000000, 0.000000, 0.6904
1188, 0.450000, 0.900000, 0.000000, 1.000000, 0.7094
1189, 0.450000, 0.900000, 0.100000, 0.900000, 0.7144
1190, 0.450000, 0.900000, 0.200000, 0.800000, 0.7228
1191, 0.450000, 0.900000, 0.300000, 0.700000, 0.7284
1192, 0.450000, 0.900000, 0.400000, 0.600000, 0.7364
1193, 0.450000, 0.900000, 0.500000, 0.500000, 0.7266
1194, 0.450000, 0.900000, 0.600000, 0.400000, 0.719
1195, 0.450000, 0.900000, 0.700000, 0.300000, 0.71
1196, 0.450000, 0.900000, 0.800000, 0.200000, 0.6928
1197, 0.450000, 0.900000, 0.900000, 0.100000, 0.6754
1198, 0.450000, 0.900000, 1.000000, 0.000000, 0.6702
1199, 0.450000, 1.000000, 0.000000, 1.000000, 0.7036
1200, 0.450000, 1.000000, 0.100000, 0.900000, 0.716
1201, 0.450000, 1.000000, 0.200000, 0.800000, 0.7092
1202, 0.450000, 1.000000, 0.300000, 0.700000, 0.7204
1203, 0.450000, 1.000000, 0.400000, 0.600000, 0.7308
1204, 0.450000, 1.000000, 0.500000, 0.500000, 0.7284
1205, 0.450000, 1.000000, 0.600000, 0.400000, 0.7332
1206, 0.450000, 1.000000, 0.700000, 0.300000, 0.7124
1207, 0.450000, 1.000000, 0.800000, 0.200000, 0.6936
1208, 0.450000, 1.000000, 0.900000, 0.100000, 0.6764
1209, 0.450000, 1.000000, 1.000000, 0.000000, 0.6818
1210, 0.500000, 0.000000, 0.000000, 1.000000, 0.7048
1211, 0.500000, 0.000000, 0.100000, 0.900000, 0.7102
1212, 0.500000, 0.000000, 0.200000, 0.800000, 0.7138
1213, 0.500000, 0.000000, 0.300000, 0.700000, 0.7116
1214, 0.500000, 0.000000, 0.400000, 0.600000, 0.7108
1215, 0.500000, 0.000000, 0.500000, 0.500000, 0.719
1216, 0.500000, 0.000000, 0.600000, 0.400000, 0.7094
1217, 0.500000, 0.000000, 0.700000, 0.300000, 0.6964
1218, 0.500000, 0.000000, 0.800000, 0.200000, 0.7024
1219, 0.500000, 0.000000, 0.900000, 0.100000, 0.6852
1220, 0.500000, 0.000000, 1.000000, 0.000000, 0.6564
1221, 0.500000, 0.100000, 0.000000, 1.000000, 0.7012
1222, 0.500000, 0.100000, 0.100000, 0.900000, 0.711
1223, 0.500000, 0.100000, 0.200000, 0.800000, 0.72
1224, 0.500000, 0.100000, 0.300000, 0.700000, 0.729
1225, 0.500000, 0.100000, 0.400000, 0.600000, 0.7068
1226, 0.500000, 0.100000, 0.500000, 0.500000, 0.7244
1227, 0.500000, 0.100000, 0.600000, 0.400000, 0.7114
1228, 0.500000, 0.100000, 0.700000, 0.300000, 0.712
1229, 0.500000, 0.100000, 0.800000, 0.200000, 0.6966
1230, 0.500000, 0.100000, 0.900000, 0.100000, 0.6798
1231, 0.500000, 0.100000, 1.000000, 0.000000, 0.6708
1232, 0.500000, 0.200000, 0.000000, 1.000000, 0.7104
1233, 0.500000, 0.200000, 0.100000, 0.900000, 0.713
1234, 0.500000, 0.200000, 0.200000, 0.800000, 0.7036
1235, 0.500000, 0.200000, 0.300000, 0.700000, 0.7196
1236, 0.500000, 0.200000, 0.400000, 0.600000, 0.713
1237, 0.500000, 0.200000, 0.500000, 0.500000, 0.7164
1238, 0.500000, 0.200000, 0.600000, 0.400000, 0.72
1239, 0.500000, 0.200000, 0.700000, 0.300000, 0.7142
1240, 0.500000, 0.200000, 0.800000, 0.200000, 0.6878
1241, 0.500000, 0.200000, 0.900000, 0.100000, 0.6854
1242, 0.500000, 0.200000, 1.000000, 0.000000, 0.6652
1243, 0.500000, 0.300000, 0.000000, 1.000000, 0.6984
1244, 0.500000, 0.300000, 0.100000, 0.900000, 0.7104
1245, 0.500000, 0.300000, 0.200000, 0.800000, 0.715
1246, 0.500000, 0.300000, 0.300000, 0.700000, 0.7158
1247, 0.500000, 0.300000, 0.400000, 0.600000, 0.73
1248, 0.500000, 0.300000, 0.500000, 0.500000, 0.7236
1249, 0.500000, 0.300000, 0.600000, 0.400000, 0.7306
1250, 0.500000, 0.300000, 0.700000, 0.300000, 0.7176
1251, 0.500000, 0.300000, 0.800000, 0.200000, 0.6984
1252, 0.500000, 0.300000, 0.900000, 0.100000, 0.6792
1253, 0.500000, 0.300000, 1.000000, 0.000000, 0.6764
1254, 0.500000, 0.400000, 0.000000, 1.000000, 0.7086
1255, 0.500000, 0.400000, 0.100000, 0.900000, 0.7144
1256, 0.500000, 0.400000, 0.200000, 0.800000, 0.71
1257, 0.500000, 0.400000, 0.300000, 0.700000, 0.7236
1258, 0.500000, 0.400000, 0.400000, 0.600000, 0.7312
1259, 0.500000, 0.400000, 0.500000, 0.500000, 0.7166
1260, 0.500000, 0.400000, 0.600000, 0.400000, 0.72
1261, 0.500000, 0.400000, 0.700000, 0.300000, 0.701
1262, 0.500000, 0.400000, 0.800000, 0.200000, 0.7032
1263, 0.500000, 0.400000, 0.900000, 0.100000, 0.6814
1264, 0.500000, 0.400000, 1.000000, 0.000000, 0.6782
1265, 0.500000, 0.500000, 0.000000, 1.000000, 0.7086
1266, 0.500000, 0.500000, 0.100000, 0.900000, 0.7034
1267, 0.500000, 0.500000, 0.200000, 0.800000, 0.715
1268, 0.500000, 0.500000, 0.300000, 0.700000, 0.7246
1269, 0.500000, 0.500000, 0.400000, 0.600000, 0.7278
1270, 0.500000, 0.500000, 0.500000, 0.500000, 0.7202
1271, 0.500000, 0.500000, 0.600000, 0.400000, 0.7152
1272, 0.500000, 0.500000, 0.700000, 0.300000, 0.7054
1273, 0.500000, 0.500000, 0.800000, 0.200000, 0.683
1274, 0.500000, 0.500000, 0.900000, 0.100000, 0.693
1275, 0.500000, 0.500000, 1.000000, 0.000000, 0.673
1276, 0.500000, 0.600000, 0.000000, 1.000000, 0.7026
1277, 0.500000, 0.600000, 0.100000, 0.900000, 0.7098
1278, 0.500000, 0.600000, 0.200000, 0.800000, 0.7306
1279, 0.500000, 0.600000, 0.300000, 0.700000, 0.7248
1280, 0.500000, 0.600000, 0.400000, 0.600000, 0.7134
1281, 0.500000, 0.600000, 0.500000, 0.500000, 0.7258
1282, 0.500000, 0.600000, 0.600000, 0.400000, 0.7156
1283, 0.500000, 0.600000, 0.700000, 0.300000, 0.7038
1284, 0.500000, 0.600000, 0.800000, 0.200000, 0.694
1285, 0.500000, 0.600000, 0.900000, 0.100000, 0.6832
1286, 0.500000, 0.600000, 1.000000, 0.000000, 0.6712
1287, 0.500000, 0.700000, 0.000000, 1.000000, 0.694
1288, 0.500000, 0.700000, 0.100000, 0.900000, 0.7294
1289, 0.500000, 0.700000, 0.200000, 0.800000, 0.723
1290, 0.500000, 0.700000, 0.300000, 0.700000, 0.7102
1291, 0.500000, 0.700000, 0.400000, 0.600000, 0.7144
1292, 0.500000, 0.700000, 0.500000, 0.500000, 0.7068
1293, 0.500000, 0.700000, 0.600000, 0.400000, 0.7144
1294, 0.500000, 0.700000, 0.700000, 0.300000, 0.7152
1295, 0.500000, 0.700000, 0.800000, 0.200000, 0.6928
1296, 0.500000, 0.700000, 0.900000, 0.100000, 0.682
1297, 0.500000, 0.700000, 1.000000, 0.000000, 0.6834
1298, 0.500000, 0.800000, 0.000000, 1.000000, 0.7106
1299, 0.500000, 0.800000, 0.100000, 0.900000, 0.7118
1300, 0.500000, 0.800000, 0.200000, 0.800000, 0.7226
1301, 0.500000, 0.800000, 0.300000, 0.700000, 0.714
1302, 0.500000, 0.800000, 0.400000, 0.600000, 0.7288
1303, 0.500000, 0.800000, 0.500000, 0.500000, 0.7268
1304, 0.500000, 0.800000, 0.600000, 0.400000, 0.7282
1305, 0.500000, 0.800000, 0.700000, 0.300000, 0.7122
1306, 0.500000, 0.800000, 0.800000, 0.200000, 0.6942
1307, 0.500000, 0.800000, 0.900000, 0.100000, 0.687
1308, 0.500000, 0.800000, 1.000000, 0.000000, 0.6828
1309, 0.500000, 0.900000, 0.000000, 1.000000, 0.7042
1310, 0.500000, 0.900000, 0.100000, 0.900000, 0.7208
1311, 0.500000, 0.900000, 0.200000, 0.800000, 0.7304
1312, 0.500000, 0.900000, 0.300000, 0.700000, 0.722
1313, 0.500000, 0.900000, 0.400000, 0.600000, 0.7152
1314, 0.500000, 0.900000, 0.500000, 0.500000, 0.7208
1315, 0.500000, 0.900000, 0.600000, 0.400000, 0.7116
1316, 0.500000, 0.900000, 0.700000, 0.300000, 0.7088
1317, 0.500000, 0.900000, 0.800000, 0.200000, 0.6858
1318, 0.500000, 0.900000, 0.900000, 0.100000, 0.6852
1319, 0.500000, 0.900000, 1.000000, 0.000000, 0.6726
1320, 0.500000, 1.000000, 0.000000, 1.000000, 0.695
1321, 0.500000, 1.000000, 0.100000, 0.900000, 0.7176
1322, 0.500000, 1.000000, 0.200000, 0.800000, 0.7196
1323, 0.500000, 1.000000, 0.300000, 0.700000, 0.7198
1324, 0.500000, 1.000000, 0.400000, 0.600000, 0.725
1325, 0.500000, 1.000000, 0.500000, 0.500000, 0.7256
1326, 0.500000, 1.000000, 0.600000, 0.400000, 0.7196
1327, 0.500000, 1.000000, 0.700000, 0.300000, 0.7086
1328, 0.500000, 1.000000, 0.800000, 0.200000, 0.7014
1329, 0.500000, 1.000000, 0.900000, 0.100000, 0.679
1330, 0.500000, 1.000000, 1.000000, 0.000000, 0.674